-- phpMyAdmin SQL Dump
-- version 5.2.1
-- https://www.phpmyadmin.net/
--
-- Servidor: 127.0.0.1
-- Tiempo de generación: 08-08-2024 a las 03:32:57
-- Versión del servidor: 10.4.28-MariaDB
-- Versión de PHP: 8.0.28

SET SQL_MODE = "NO_AUTO_VALUE_ON_ZERO";
START TRANSACTION;
SET time_zone = "+00:00";


/*!40101 SET @OLD_CHARACTER_SET_CLIENT=@@CHARACTER_SET_CLIENT */;
/*!40101 SET @OLD_CHARACTER_SET_RESULTS=@@CHARACTER_SET_RESULTS */;
/*!40101 SET @OLD_COLLATION_CONNECTION=@@COLLATION_CONNECTION */;
/*!40101 SET NAMES utf8mb4 */;

--
-- Base de datos: `bd_ventas`
--

DELIMITER $$
--
-- Procedimientos
--
CREATE DEFINER=`root`@`localhost` PROCEDURE `generate_combinations` ()   BEGIN
    DECLARE done INT DEFAULT 0;
    DECLARE tipo_id INT;
    DECLARE tipo_nombre VARCHAR(255);
    DECLARE color_id INT;
    DECLARE material_id INT;
    DECLARE agregado_id INT;
    DECLARE agregado_nombre VARCHAR(255);
    DECLARE tipo_keyword VARCHAR(255);

    DECLARE tipo_cursor CURSOR FOR SELECT id, nombre FROM tipos;
    DECLARE color_cursor CURSOR FOR SELECT id FROM colores;
    DECLARE material_cursor CURSOR FOR SELECT id FROM materiales;
    DECLARE agregado_cursor CURSOR FOR SELECT id, tipo FROM agregados;

    DECLARE CONTINUE HANDLER FOR NOT FOUND SET done = 1;

    OPEN tipo_cursor;

    tipo_loop: LOOP
        FETCH tipo_cursor INTO tipo_id, tipo_nombre;
        IF done THEN
            LEAVE tipo_loop;
        END IF;

        -- Obtener la primera palabra del nombre del tipo
        -- SET tipo_keyword = LEFT(tipo_nombre, LOCATE(' ', tipo_nombre) - 1);

        -- Obtener la primera palabra del nombre del tipo
        SET tipo_keyword = IF(LOCATE(' ', tipo_nombre) = 0, tipo_nombre, LEFT(tipo_nombre, LOCATE(' ', tipo_nombre) - 1));


        SET done = 0;
        OPEN color_cursor;

        color_loop: LOOP
            FETCH color_cursor INTO color_id;
            IF done THEN
                LEAVE color_loop;
            END IF;

            SET done = 0;
            OPEN material_cursor;

            material_loop: LOOP
                FETCH material_cursor INTO material_id;
                IF done THEN
                    LEAVE material_loop;
                END IF;

                -- Combinaciones con agregados relacionados
                SET done = 0;
                OPEN agregado_cursor;

                agregado_loop: LOOP
                    FETCH agregado_cursor INTO agregado_id, agregado_nombre;
                    IF done THEN
                        LEAVE agregado_loop;
                    END IF;

                    -- Insertar solo si el agregado es relevante para el tipo
                    IF LOCATE(tipo_keyword, agregado_nombre) = 1 THEN
                        INSERT INTO producto_combinaciones (tipo_id, color_id, material_id, agregado_id, stock, precioU)
                        VALUES (tipo_id, color_id, material_id, agregado_id, 0, 0);
                    END IF;

                END LOOP agregado_loop;
                CLOSE agregado_cursor;

                -- Combinaciones sin agregados
                INSERT INTO producto_combinaciones (tipo_id, color_id, material_id, agregado_id, stock, precioU)
                VALUES (tipo_id, color_id, material_id, -1, 0, 0);

                SET done = 0;
            END LOOP material_loop;
            CLOSE material_cursor;
            SET done = 0;
        END LOOP color_loop;
        CLOSE color_cursor;
        SET done = 0;
    END LOOP tipo_loop;

    CLOSE tipo_cursor;
END$$

DELIMITER ;

-- --------------------------------------------------------

--
-- Estructura de tabla para la tabla `agregados`
--

CREATE TABLE `agregados` (
  `id` int(11) NOT NULL,
  `tipo` varchar(50) NOT NULL,
  `nombre` varchar(255) NOT NULL
) ENGINE=InnoDB DEFAULT CHARSET=utf8mb4 COLLATE=utf8mb4_general_ci;

--
-- Volcado de datos para la tabla `agregados`
--

INSERT INTO `agregados` (`id`, `tipo`, `nombre`) VALUES
(45, 'Silla', 'Acolchonada'),
(46, 'Silla', 'No acolchonada'),
(47, 'Silla', 'Con brazos'),
(48, 'Silla', 'Sin brazos'),
(49, 'Mesa', 'Cuadrada'),
(50, 'Mesa', 'Redonda'),
(51, 'Mesa', 'Con cajones'),
(52, 'Mesa', 'Sin cajones'),
(53, 'Camilla', 'Con barillas'),
(54, 'Camilla', 'Sin barillas'),
(55, 'Camilla', 'Con espaldar movible'),
(56, 'Camilla', 'Fija'),
(57, 'Casillero', 'Con chapa'),
(58, 'Casillero', 'Sin chapa'),
(59, 'Casillero', 'Con espejo'),
(60, 'Casillero', 'Sin espejo'),
(61, 'Estante', 'Con puertas'),
(62, 'Estante', 'Sin puertas'),
(63, 'Estante', 'De pared'),
(64, 'Estante', 'De pie'),
(65, 'Escritorio', 'Con chapas'),
(66, 'Escritorio', 'Sin chapas'),
(67, 'Escritorio', 'Con ruedas'),
(68, 'Escritorio', 'Fijo'),
(69, 'Horno', 'Con ventilador'),
(70, 'Horno', 'Sin ventilador'),
(71, 'Horno', 'A gas'),
(72, 'Horno', 'Eléctrico'),
(73, 'Gabetero', 'Con cerradura'),
(74, 'Gabetero', 'Sin cerradura'),
(75, 'Gabetero', 'De oficina'),
(76, 'Gabetero', 'De hogar'),
(77, 'Vitrina', 'De vidrio'),
(78, 'Vitrina', 'De madera'),
(79, 'Vitrina', 'Con iluminación'),
(80, 'Vitrina', 'Sin iluminación'),
(81, 'Cama', 'Con cabecera'),
(82, 'Cama', 'Sin cabecera'),
(83, 'Cama', 'Plegable'),
(84, 'Cama', 'Fija'),
(85, 'Armario', 'Con espejo'),
(86, 'Armario', 'Sin espejo'),
(87, 'Armario', 'De madera'),
(88, 'Armario', 'Metálico');

--
-- Disparadores `agregados`
--
DELIMITER $$
CREATE TRIGGER `after_agregado_insert` AFTER INSERT ON `agregados` FOR EACH ROW BEGIN
    CALL generate_combinations();
END
$$
DELIMITER ;

-- --------------------------------------------------------

--
-- Estructura de tabla para la tabla `colores`
--

CREATE TABLE `colores` (
  `id` int(11) NOT NULL,
  `nombre` varchar(50) NOT NULL
) ENGINE=InnoDB DEFAULT CHARSET=utf8mb4 COLLATE=utf8mb4_general_ci;

--
-- Volcado de datos para la tabla `colores`
--

INSERT INTO `colores` (`id`, `nombre`) VALUES
(6, 'Rojo'),
(7, 'Azul'),
(8, 'Negro'),
(9, 'Blanco'),
(10, 'Gris');

--
-- Disparadores `colores`
--
DELIMITER $$
CREATE TRIGGER `after_color_insert` AFTER INSERT ON `colores` FOR EACH ROW BEGIN
    CALL generate_combinations();
END
$$
DELIMITER ;

-- --------------------------------------------------------

--
-- Estructura de tabla para la tabla `materiales`
--

CREATE TABLE `materiales` (
  `id` int(11) NOT NULL,
  `nombre` varchar(50) NOT NULL
) ENGINE=InnoDB DEFAULT CHARSET=utf8mb4 COLLATE=utf8mb4_general_ci;

--
-- Volcado de datos para la tabla `materiales`
--

INSERT INTO `materiales` (`id`, `nombre`) VALUES
(3, 'Metal'),
(4, 'Melamina');

--
-- Disparadores `materiales`
--
DELIMITER $$
CREATE TRIGGER `after_material_insert` AFTER INSERT ON `materiales` FOR EACH ROW BEGIN
    CALL generate_combinations();
END
$$
DELIMITER ;

-- --------------------------------------------------------

--
-- Estructura de tabla para la tabla `persona`
--

CREATE TABLE `persona` (
  `id` int(11) NOT NULL,
  `nombre` varchar(20) DEFAULT NULL,
  `apellido` varchar(20) DEFAULT NULL,
  `ci` varchar(20) DEFAULT NULL,
  `genero` varchar(20) DEFAULT NULL,
  `email` varchar(20) DEFAULT NULL,
  `telefono` int(11) DEFAULT NULL,
  `direccion` varchar(20) DEFAULT NULL,
  `fecha_nac` date DEFAULT NULL
) ENGINE=InnoDB DEFAULT CHARSET=utf8mb4 COLLATE=utf8mb4_general_ci;

--
-- Volcado de datos para la tabla `persona`
--

INSERT INTO `persona` (`id`, `nombre`, `apellido`, `ci`, `genero`, `email`, `telefono`, `direccion`, `fecha_nac`) VALUES
(1, 'Juan', 'Perez', '12345678', 'Masculino', 'juan.perez@example.c', 123456789, 'Direccion 1', '1979-12-30'),
(2, 'Maria', 'Lopez', '23456789', 'Femenino', 'maria.lopez@example.', 987654321, 'Direccion 2', '1990-02-02'),
(3, 'Carlos', 'Gomez', '34567890', 'Masculino', 'carlos.gomez@example', 564738291, 'Direccion 3', '1985-03-03');

-- --------------------------------------------------------

--
-- Estructura de tabla para la tabla `producto_combinaciones`
--

CREATE TABLE `producto_combinaciones` (
  `id` int(11) NOT NULL,
  `tipo_id` int(11) DEFAULT NULL,
  `color_id` int(11) DEFAULT NULL,
  `material_id` int(11) DEFAULT NULL,
  `agregado_id` int(11) DEFAULT NULL,
  `stock` int(11) NOT NULL,
  `precioU` varchar(22) NOT NULL,
  `activo` tinyint(1) DEFAULT 1
) ENGINE=InnoDB DEFAULT CHARSET=utf8mb4 COLLATE=utf8mb4_general_ci;

--
-- Volcado de datos para la tabla `producto_combinaciones`
--

INSERT INTO `producto_combinaciones` (`id`, `tipo_id`, `color_id`, `material_id`, `agregado_id`, `stock`, `precioU`, `activo`) VALUES
(1, 69, 6, 3, 45, 10, '238.34', 0),
(2, 69, 6, 3, 46, 10, '188.71', 0),
(3, 69, 6, 3, 47, 10, '178.53', 1),
(4, 69, 6, 3, 48, 10, '176.5', 1),
(5, 69, 6, 3, -1, 10, '196.93', 1),
(6, 69, 6, 4, 45, 10, '205.13', 1),
(7, 69, 6, 4, 46, 10, '184.87', 1),
(8, 69, 6, 4, 47, 10, '158.95', 1),
(9, 69, 6, 4, 48, 10, '190.13', 1),
(10, 69, 6, 4, -1, 10, '223.8', 1),
(11, 69, 7, 3, 45, 10, '198.62', 1),
(12, 69, 7, 3, 46, 10, '171.71', 1),
(13, 69, 7, 3, 47, 10, '212.66', 1),
(14, 69, 7, 3, 48, 10, '198.2', 1),
(15, 69, 7, 3, -1, 10, '203', 1),
(16, 69, 7, 4, 45, 10, '170.42', 1),
(17, 69, 7, 4, 46, 10, '193.11', 1),
(18, 69, 7, 4, 47, 10, '204.27', 1),
(19, 69, 7, 4, 48, 10, '192.01', 1),
(20, 69, 7, 4, -1, 10, '197.24', 1),
(21, 69, 8, 3, 45, 10, '160.2', 1),
(22, 69, 8, 3, 46, 10, '159.25', 1),
(23, 69, 8, 3, 47, 10, '165.67', 1),
(24, 69, 8, 3, 48, 10, '200.6', 1),
(25, 69, 8, 3, -1, 10, '155.97', 1),
(26, 69, 8, 4, 45, 10, '228.05', 1),
(27, 69, 8, 4, 46, 10, '222.33', 1),
(28, 69, 8, 4, 47, 10, '177.51', 1),
(29, 69, 8, 4, 48, 10, '170.58', 1),
(30, 69, 8, 4, -1, 10, '170.37', 1),
(31, 69, 9, 3, 45, 10, '190.09', 1),
(32, 69, 9, 3, 46, 10, '189.37', 1),
(33, 69, 9, 3, 47, 10, '226.56', 1),
(34, 69, 9, 3, 48, 10, '214.69', 1),
(35, 69, 9, 3, -1, 10, '243.75', 1),
(36, 69, 9, 4, 45, 10, '224.71', 1),
(37, 69, 9, 4, 46, 10, '242.31', 1),
(38, 69, 9, 4, 47, 10, '187.4', 1),
(39, 69, 9, 4, 48, 10, '160.07', 1),
(40, 69, 9, 4, -1, 10, '188.14', 1),
(41, 69, 10, 3, 45, 10, '210.5', 1),
(42, 69, 10, 3, 46, 10, '238.06', 1),
(43, 69, 10, 3, 47, 10, '208.83', 1),
(44, 69, 10, 3, 48, 10, '179.95', 1),
(45, 69, 10, 3, -1, 10, '223.28', 1),
(46, 69, 10, 4, 45, 10, '226.55', 1),
(47, 69, 10, 4, 46, 10, '212.89', 1),
(48, 69, 10, 4, 47, 10, '234.8', 1),
(49, 69, 10, 4, 48, 10, '185.32', 1),
(50, 69, 10, 4, -1, 10, '172.21', 1),
(51, 70, 6, 3, 45, 10, '155.11', 1),
(52, 70, 6, 3, 46, 10, '208.9', 1),
(53, 70, 6, 3, 47, 10, '229.19', 1),
(54, 70, 6, 3, 48, 10, '169.26', 1),
(55, 70, 6, 3, -1, 10, '208.71', 1),
(56, 70, 6, 4, 45, 10, '185.77', 1),
(57, 70, 6, 4, 46, 10, '152.74', 1),
(58, 70, 6, 4, 47, 10, '156.38', 1),
(59, 70, 6, 4, 48, 10, '173.7', 1),
(60, 70, 6, 4, -1, 10, '249.33', 1),
(61, 70, 7, 3, 45, 10, '175.58', 1),
(62, 70, 7, 3, 46, 10, '179.89', 1),
(63, 70, 7, 3, 47, 10, '222.7', 1),
(64, 70, 7, 3, 48, 10, '223.82', 1),
(65, 70, 7, 3, -1, 10, '201.02', 1),
(66, 70, 7, 4, 45, 10, '183.63', 1),
(67, 70, 7, 4, 46, 10, '165.11', 1),
(68, 70, 7, 4, 47, 10, '224.66', 1),
(69, 70, 7, 4, 48, 10, '177.98', 1),
(70, 70, 7, 4, -1, 10, '165.9', 1),
(71, 70, 8, 3, 45, 10, '245.56', 1),
(72, 70, 8, 3, 46, 10, '180.11', 1),
(73, 70, 8, 3, 47, 10, '213.85', 1),
(74, 70, 8, 3, 48, 10, '178.94', 1),
(75, 70, 8, 3, -1, 10, '203.14', 1),
(76, 70, 8, 4, 45, 10, '228.9', 1),
(77, 70, 8, 4, 46, 10, '185.05', 1),
(78, 70, 8, 4, 47, 10, '188.58', 1),
(79, 70, 8, 4, 48, 10, '237.72', 1),
(80, 70, 8, 4, -1, 10, '172.87', 1),
(81, 70, 9, 3, 45, 10, '201.2', 1),
(82, 70, 9, 3, 46, 10, '237.39', 1),
(83, 70, 9, 3, 47, 10, '233.36', 1),
(84, 70, 9, 3, 48, 10, '204.63', 1),
(85, 70, 9, 3, -1, 10, '173.05', 1),
(86, 70, 9, 4, 45, 10, '201.37', 1),
(87, 70, 9, 4, 46, 10, '237.7', 1),
(88, 70, 9, 4, 47, 10, '234.37', 1),
(89, 70, 9, 4, 48, 10, '208.76', 1),
(90, 70, 9, 4, -1, 10, '190.68', 1),
(91, 70, 10, 3, 45, 10, '177.14', 1),
(92, 70, 10, 3, 46, 10, '163.65', 1),
(93, 70, 10, 3, 47, 10, '236.84', 1),
(94, 70, 10, 3, 48, 10, '243.26', 1),
(95, 70, 10, 3, -1, 10, '155.78', 1),
(96, 70, 10, 4, 45, 10, '199.11', 1),
(97, 70, 10, 4, 46, 10, '178.23', 1),
(98, 70, 10, 4, 47, 10, '243.79', 1),
(99, 70, 10, 4, 48, 10, '234.28', 1),
(100, 70, 10, 4, -1, 10, '190.03', 1),
(101, 71, 6, 3, 45, 10, '197.31', 1),
(102, 71, 6, 3, 46, 10, '166.44', 1),
(103, 71, 6, 3, 47, 10, '190.28', 1),
(104, 71, 6, 3, 48, 10, '202.08', 1),
(105, 71, 6, 3, -1, 10, '189.58', 1),
(106, 71, 6, 4, 45, 10, '191.64', 1),
(107, 71, 6, 4, 46, 10, '239.46', 1),
(108, 71, 6, 4, 47, 10, '172.4', 1),
(109, 71, 6, 4, 48, 10, '193.6', 1),
(110, 71, 6, 4, -1, 10, '200.78', 1),
(111, 71, 7, 3, 45, 10, '173.14', 1),
(112, 71, 7, 3, 46, 10, '213.33', 1),
(113, 71, 7, 3, 47, 10, '197.24', 1),
(114, 71, 7, 3, 48, 10, '196.22', 1),
(115, 71, 7, 3, -1, 10, '239.37', 1),
(116, 71, 7, 4, 45, 10, '158.2', 1),
(117, 71, 7, 4, 46, 10, '222.89', 1),
(118, 71, 7, 4, 47, 10, '189.85', 1),
(119, 71, 7, 4, 48, 10, '230.58', 1),
(120, 71, 7, 4, -1, 10, '233.33', 1),
(121, 71, 8, 3, 45, 10, '224.94', 1),
(122, 71, 8, 3, 46, 10, '174.69', 1),
(123, 71, 8, 3, 47, 10, '248.63', 1),
(124, 71, 8, 3, 48, 10, '169.08', 1),
(125, 71, 8, 3, -1, 10, '249.51', 1),
(126, 71, 8, 4, 45, 10, '190.3', 1),
(127, 71, 8, 4, 46, 10, '152.98', 1),
(128, 71, 8, 4, 47, 10, '243.99', 1),
(129, 71, 8, 4, 48, 10, '211.02', 1),
(130, 71, 8, 4, -1, 10, '173.11', 1),
(131, 71, 9, 3, 45, 10, '182.51', 1),
(132, 71, 9, 3, 46, 10, '243.22', 1),
(133, 71, 9, 3, 47, 10, '218.56', 1),
(134, 71, 9, 3, 48, 10, '213.16', 1),
(135, 71, 9, 3, -1, 10, '160.12', 1),
(136, 71, 9, 4, 45, 10, '211.11', 1),
(137, 71, 9, 4, 46, 10, '225.18', 1),
(138, 71, 9, 4, 47, 10, '242.57', 1),
(139, 71, 9, 4, 48, 10, '187.31', 1),
(140, 71, 9, 4, -1, 10, '158.83', 1),
(141, 71, 10, 3, 45, 10, '182.22', 1),
(142, 71, 10, 3, 46, 10, '184.61', 1),
(143, 71, 10, 3, 47, 10, '226.39', 1),
(144, 71, 10, 3, 48, 10, '228.13', 1),
(145, 71, 10, 3, -1, 10, '211.49', 1),
(146, 71, 10, 4, 45, 10, '223.04', 1),
(147, 71, 10, 4, 46, 10, '230.75', 1),
(148, 71, 10, 4, 47, 10, '234.6', 1),
(149, 71, 10, 4, 48, 10, '230.76', 1),
(150, 71, 10, 4, -1, 10, '200.02', 1),
(151, 72, 6, 3, 45, 10, '157.8', 1),
(152, 72, 6, 3, 46, 10, '238.93', 1),
(153, 72, 6, 3, 47, 10, '171.26', 1),
(154, 72, 6, 3, 48, 10, '189.52', 1),
(155, 72, 6, 3, -1, 10, '183.81', 1),
(156, 72, 6, 4, 45, 10, '200.5', 1),
(157, 72, 6, 4, 46, 10, '201.05', 1),
(158, 72, 6, 4, 47, 10, '153.78', 1),
(159, 72, 6, 4, 48, 10, '215.72', 1),
(160, 72, 6, 4, -1, 10, '167.29', 1),
(161, 72, 7, 3, 45, 10, '239.28', 1),
(162, 72, 7, 3, 46, 10, '244.51', 1),
(163, 72, 7, 3, 47, 10, '154.72', 1),
(164, 72, 7, 3, 48, 10, '190.07', 1),
(165, 72, 7, 3, -1, 10, '236.18', 1),
(166, 72, 7, 4, 45, 10, '160.71', 1),
(167, 72, 7, 4, 46, 10, '245.01', 1),
(168, 72, 7, 4, 47, 10, '192.91', 1),
(169, 72, 7, 4, 48, 10, '179.51', 1),
(170, 72, 7, 4, -1, 10, '168.83', 1),
(171, 72, 8, 3, 45, 10, '155.6', 1),
(172, 72, 8, 3, 46, 10, '221.53', 1),
(173, 72, 8, 3, 47, 10, '190.86', 1),
(174, 72, 8, 3, 48, 10, '239.71', 1),
(175, 72, 8, 3, -1, 10, '175.97', 1),
(176, 72, 8, 4, 45, 10, '210.7', 1),
(177, 72, 8, 4, 46, 10, '175.61', 1),
(178, 72, 8, 4, 47, 10, '195.96', 1),
(179, 72, 8, 4, 48, 10, '202.96', 1),
(180, 72, 8, 4, -1, 10, '176.9', 1),
(181, 72, 9, 3, 45, 10, '225.63', 1),
(182, 72, 9, 3, 46, 10, '247.47', 1),
(183, 72, 9, 3, 47, 10, '210.45', 1),
(184, 72, 9, 3, 48, 10, '159.84', 1),
(185, 72, 9, 3, -1, 10, '217.85', 1),
(186, 72, 9, 4, 45, 10, '159.73', 1),
(187, 72, 9, 4, 46, 10, '195.08', 1),
(188, 72, 9, 4, 47, 10, '246.22', 1),
(189, 72, 9, 4, 48, 10, '195.87', 1),
(190, 72, 9, 4, -1, 10, '190.7', 1),
(191, 72, 10, 3, 45, 10, '215.9', 1),
(192, 72, 10, 3, 46, 10, '157.39', 1),
(193, 72, 10, 3, 47, 10, '189.23', 1),
(194, 72, 10, 3, 48, 10, '224', 1),
(195, 72, 10, 3, -1, 10, '202.31', 1),
(196, 72, 10, 4, 45, 10, '189.56', 1),
(197, 72, 10, 4, 46, 10, '190.88', 1),
(198, 72, 10, 4, 47, 10, '235.71', 1),
(199, 72, 10, 4, 48, 10, '155.91', 1),
(200, 72, 10, 4, -1, 10, '222.43', 1),
(201, 73, 6, 3, 45, 10, '194.4', 1),
(202, 73, 6, 3, 46, 10, '154.73', 1),
(203, 73, 6, 3, 47, 10, '240.43', 1),
(204, 73, 6, 3, 48, 10, '187.96', 1),
(205, 73, 6, 3, -1, 10, '168.5', 1),
(206, 73, 6, 4, 45, 10, '228.62', 1),
(207, 73, 6, 4, 46, 10, '187.61', 1),
(208, 73, 6, 4, 47, 10, '202.19', 1),
(209, 73, 6, 4, 48, 10, '198.13', 1),
(210, 73, 6, 4, -1, 10, '234.05', 1),
(211, 73, 7, 3, 45, 10, '225.89', 1),
(212, 73, 7, 3, 46, 10, '177.27', 1),
(213, 73, 7, 3, 47, 10, '158.7', 1),
(214, 73, 7, 3, 48, 10, '211.7', 1),
(215, 73, 7, 3, -1, 10, '232.37', 1),
(216, 73, 7, 4, 45, 10, '176.76', 1),
(217, 73, 7, 4, 46, 10, '236.7', 1),
(218, 73, 7, 4, 47, 10, '203.23', 1),
(219, 73, 7, 4, 48, 10, '156.04', 1),
(220, 73, 7, 4, -1, 10, '220.49', 1),
(221, 73, 8, 3, 45, 10, '184.35', 1),
(222, 73, 8, 3, 46, 10, '210.27', 1),
(223, 73, 8, 3, 47, 10, '248.32', 1),
(224, 73, 8, 3, 48, 10, '160.77', 1),
(225, 73, 8, 3, -1, 10, '208.92', 1),
(226, 73, 8, 4, 45, 10, '212.25', 1),
(227, 73, 8, 4, 46, 10, '184.52', 1),
(228, 73, 8, 4, 47, 10, '235.82', 1),
(229, 73, 8, 4, 48, 10, '175.57', 1),
(230, 73, 8, 4, -1, 10, '220.37', 1),
(231, 73, 9, 3, 45, 10, '225.15', 1),
(232, 73, 9, 3, 46, 10, '214.64', 1),
(233, 73, 9, 3, 47, 10, '247.74', 1),
(234, 73, 9, 3, 48, 10, '244.8', 1),
(235, 73, 9, 3, -1, 10, '230.77', 1),
(236, 73, 9, 4, 45, 10, '169.45', 1),
(237, 73, 9, 4, 46, 10, '204.94', 1),
(238, 73, 9, 4, 47, 10, '166.33', 1),
(239, 73, 9, 4, 48, 10, '166.85', 1),
(240, 73, 9, 4, -1, 10, '185.27', 1),
(241, 73, 10, 3, 45, 10, '175.81', 1),
(242, 73, 10, 3, 46, 10, '173.22', 1),
(243, 73, 10, 3, 47, 10, '188.68', 1),
(244, 73, 10, 3, 48, 10, '173.74', 1),
(245, 73, 10, 3, -1, 10, '152.64', 1),
(246, 73, 10, 4, 45, 10, '192.01', 1),
(247, 73, 10, 4, 46, 10, '152.12', 1),
(248, 73, 10, 4, 47, 10, '234.57', 1),
(249, 73, 10, 4, 48, 10, '166.49', 1),
(250, 73, 10, 4, -1, 10, '178.73', 1),
(251, 74, 6, 3, 45, 10, '244.21', 1),
(252, 74, 6, 3, 46, 10, '234.83', 1),
(253, 74, 6, 3, 47, 10, '191.51', 1),
(254, 74, 6, 3, 48, 10, '203.07', 1),
(255, 74, 6, 3, -1, 10, '190.82', 1),
(256, 74, 6, 4, 45, 10, '194.88', 1),
(257, 74, 6, 4, 46, 10, '151.95', 1),
(258, 74, 6, 4, 47, 10, '225.1', 1),
(259, 74, 6, 4, 48, 10, '219.68', 1),
(260, 74, 6, 4, -1, 10, '173.07', 1),
(261, 74, 7, 3, 45, 10, '156.33', 1),
(262, 74, 7, 3, 46, 10, '212.42', 1),
(263, 74, 7, 3, 47, 10, '243.11', 1),
(264, 74, 7, 3, 48, 10, '228.3', 1),
(265, 74, 7, 3, -1, 10, '162.15', 1),
(266, 74, 7, 4, 45, 10, '175.88', 1),
(267, 74, 7, 4, 46, 10, '242.94', 1),
(268, 74, 7, 4, 47, 10, '237.07', 1),
(269, 74, 7, 4, 48, 10, '206.54', 1),
(270, 74, 7, 4, -1, 10, '171.46', 1),
(271, 74, 8, 3, 45, 10, '187.7', 1),
(272, 74, 8, 3, 46, 10, '174.13', 1),
(273, 74, 8, 3, 47, 10, '157.54', 1),
(274, 74, 8, 3, 48, 10, '215.3', 1),
(275, 74, 8, 3, -1, 10, '153.9', 1),
(276, 74, 8, 4, 45, 10, '173.58', 1),
(277, 74, 8, 4, 46, 10, '156.21', 1),
(278, 74, 8, 4, 47, 10, '210.32', 1),
(279, 74, 8, 4, 48, 10, '232.97', 1),
(280, 74, 8, 4, -1, 10, '183.89', 1),
(281, 74, 9, 3, 45, 10, '170.53', 1),
(282, 74, 9, 3, 46, 10, '151', 1),
(283, 74, 9, 3, 47, 10, '193.38', 1),
(284, 74, 9, 3, 48, 10, '163.9', 1),
(285, 74, 9, 3, -1, 10, '189.38', 1),
(286, 74, 9, 4, 45, 10, '205.19', 1),
(287, 74, 9, 4, 46, 10, '207.83', 1),
(288, 74, 9, 4, 47, 10, '173.55', 1),
(289, 74, 9, 4, 48, 10, '194.26', 1),
(290, 74, 9, 4, -1, 10, '200.64', 1),
(291, 74, 10, 3, 45, 10, '170.43', 1),
(292, 74, 10, 3, 46, 10, '200.23', 1),
(293, 74, 10, 3, 47, 10, '239.86', 1),
(294, 74, 10, 3, 48, 10, '248.61', 1),
(295, 74, 10, 3, -1, 10, '173.49', 1),
(296, 74, 10, 4, 45, 10, '171.61', 1),
(297, 74, 10, 4, 46, 10, '187.58', 1),
(298, 74, 10, 4, 47, 10, '173.08', 1),
(299, 74, 10, 4, 48, 10, '152.66', 1),
(300, 74, 10, 4, -1, 10, '194.06', 1),
(301, 75, 6, 3, -1, 10, '162.3', 1),
(302, 75, 6, 4, -1, 10, '179.34', 1),
(303, 75, 7, 3, -1, 10, '159.78', 1),
(304, 75, 7, 4, -1, 10, '210.88', 1),
(305, 75, 8, 3, -1, 10, '225.08', 1),
(306, 75, 8, 4, -1, 10, '242.76', 1),
(307, 75, 9, 3, -1, 10, '188.55', 1),
(308, 75, 9, 4, -1, 10, '164.46', 1),
(309, 75, 10, 3, -1, 10, '206.66', 1),
(310, 75, 10, 4, -1, 10, '189.92', 1),
(311, 76, 6, 3, -1, 10, '179.62', 1),
(312, 76, 6, 4, -1, 10, '178.33', 1),
(313, 76, 7, 3, -1, 10, '202.79', 1),
(314, 76, 7, 4, -1, 10, '228.96', 1),
(315, 76, 8, 3, -1, 10, '186.45', 1),
(316, 76, 8, 4, -1, 10, '195.37', 1),
(317, 76, 9, 3, -1, 10, '167.49', 1),
(318, 76, 9, 4, -1, 10, '201.33', 1),
(319, 76, 10, 3, -1, 10, '154.19', 1),
(320, 76, 10, 4, -1, 10, '216.94', 1),
(321, 77, 6, 3, -1, 10, '172.15', 1),
(322, 77, 6, 4, -1, 10, '159.94', 1),
(323, 77, 7, 3, -1, 10, '233.24', 1),
(324, 77, 7, 4, -1, 10, '236.39', 1),
(325, 77, 8, 3, -1, 10, '232.22', 1),
(326, 77, 8, 4, -1, 10, '201.92', 1),
(327, 77, 9, 3, -1, 10, '162.95', 1),
(328, 77, 9, 4, -1, 10, '159', 1),
(329, 77, 10, 3, -1, 10, '156.13', 1),
(330, 77, 10, 4, -1, 10, '153.65', 1),
(331, 78, 6, 3, -1, 10, '249.89', 1),
(332, 78, 6, 4, -1, 10, '238.46', 1),
(333, 78, 7, 3, -1, 10, '192.66', 1),
(334, 78, 7, 4, -1, 10, '197.89', 1),
(335, 78, 8, 3, -1, 10, '161.49', 1),
(336, 78, 8, 4, -1, 10, '163.8', 1),
(337, 78, 9, 3, -1, 10, '184.5', 1),
(338, 78, 9, 4, -1, 10, '181.12', 1),
(339, 78, 10, 3, -1, 10, '202.08', 1),
(340, 78, 10, 4, -1, 10, '217.05', 1),
(341, 79, 6, 3, -1, 10, '229', 1),
(342, 79, 6, 4, -1, 10, '243.84', 1),
(343, 79, 7, 3, -1, 10, '182.2', 1),
(344, 79, 7, 4, -1, 10, '229.49', 1),
(345, 79, 8, 3, -1, 10, '150.85', 1),
(346, 79, 8, 4, -1, 10, '215.8', 1),
(347, 79, 9, 3, -1, 10, '176.42', 1),
(348, 79, 9, 4, -1, 10, '184.69', 1),
(349, 79, 10, 3, -1, 10, '244.22', 1),
(350, 79, 10, 4, -1, 10, '217.01', 1),
(351, 80, 6, 3, 53, 10, '202.38', 1),
(352, 80, 6, 3, 54, 10, '210.86', 1),
(353, 80, 6, 3, 55, 10, '197.19', 1),
(354, 80, 6, 3, 56, 10, '203.36', 1),
(355, 80, 6, 3, -1, 10, '175.22', 1),
(356, 80, 6, 4, 53, 10, '216.02', 1),
(357, 80, 6, 4, 54, 10, '204.46', 1),
(358, 80, 6, 4, 55, 10, '224.25', 1),
(359, 80, 6, 4, 56, 10, '157.85', 1),
(360, 80, 6, 4, -1, 10, '166.52', 1),
(361, 80, 7, 3, 53, 10, '209.05', 1),
(362, 80, 7, 3, 54, 10, '195.69', 1),
(363, 80, 7, 3, 55, 10, '201.29', 1),
(364, 80, 7, 3, 56, 10, '169.4', 1),
(365, 80, 7, 3, -1, 10, '193.13', 1),
(366, 80, 7, 4, 53, 10, '207.45', 1),
(367, 80, 7, 4, 54, 10, '207.87', 1),
(368, 80, 7, 4, 55, 10, '166.99', 1),
(369, 80, 7, 4, 56, 10, '161.34', 1),
(370, 80, 7, 4, -1, 10, '155.74', 1),
(371, 80, 8, 3, 53, 10, '244.67', 1),
(372, 80, 8, 3, 54, 10, '206.13', 1),
(373, 80, 8, 3, 55, 10, '246.66', 1),
(374, 80, 8, 3, 56, 10, '164.88', 1),
(375, 80, 8, 3, -1, 10, '234.43', 1),
(376, 80, 8, 4, 53, 10, '227.51', 1),
(377, 80, 8, 4, 54, 10, '184.24', 1),
(378, 80, 8, 4, 55, 10, '188.69', 1),
(379, 80, 8, 4, 56, 10, '240.71', 1),
(380, 80, 8, 4, -1, 10, '187.51', 1),
(381, 80, 9, 3, 53, 10, '165.41', 1),
(382, 80, 9, 3, 54, 10, '214.51', 1),
(383, 80, 9, 3, 55, 10, '226.31', 1),
(384, 80, 9, 3, 56, 10, '238.04', 1),
(385, 80, 9, 3, -1, 10, '161.27', 1),
(386, 80, 9, 4, 53, 10, '242.2', 1),
(387, 80, 9, 4, 54, 10, '177.23', 1),
(388, 80, 9, 4, 55, 10, '209.53', 1),
(389, 80, 9, 4, 56, 10, '165.95', 1),
(390, 80, 9, 4, -1, 10, '151.15', 1),
(391, 80, 10, 3, 53, 10, '207.91', 1),
(392, 80, 10, 3, 54, 10, '236.1', 1),
(393, 80, 10, 3, 55, 10, '206.78', 1),
(394, 80, 10, 3, 56, 10, '175.59', 1),
(395, 80, 10, 3, -1, 10, '207.63', 1),
(396, 80, 10, 4, 53, 10, '161.35', 1),
(397, 80, 10, 4, 54, 10, '233.87', 1),
(398, 80, 10, 4, 55, 10, '235.32', 1),
(399, 80, 10, 4, 56, 10, '224.96', 1),
(400, 80, 10, 4, -1, 10, '168.85', 1),
(401, 81, 6, 3, -1, 10, '219.39', 1),
(402, 81, 6, 4, -1, 10, '240.38', 1),
(403, 81, 7, 3, -1, 10, '193.73', 1),
(404, 81, 7, 4, -1, 10, '197.52', 1),
(405, 81, 8, 3, -1, 10, '156.43', 1),
(406, 81, 8, 4, -1, 10, '239.56', 1),
(407, 81, 9, 3, -1, 10, '178.5', 1),
(408, 81, 9, 4, -1, 10, '223.83', 1),
(409, 81, 10, 3, -1, 10, '233.67', 1),
(410, 81, 10, 4, -1, 10, '246.84', 1),
(411, 82, 6, 3, 53, 10, '183.18', 1),
(412, 82, 6, 3, 54, 10, '225.41', 1),
(413, 82, 6, 3, 55, 10, '227.5', 1),
(414, 82, 6, 3, 56, 10, '211.27', 1),
(415, 82, 6, 3, -1, 10, '223.86', 1),
(416, 82, 6, 4, 53, 10, '235.48', 1),
(417, 82, 6, 4, 54, 10, '155.82', 1),
(418, 82, 6, 4, 55, 10, '222.65', 1),
(419, 82, 6, 4, 56, 10, '195.81', 1),
(420, 82, 6, 4, -1, 10, '161.11', 1),
(421, 82, 7, 3, 53, 10, '168.11', 1),
(422, 82, 7, 3, 54, 10, '207.23', 1),
(423, 82, 7, 3, 55, 10, '181.81', 1),
(424, 82, 7, 3, 56, 10, '237.35', 1),
(425, 82, 7, 3, -1, 10, '191.32', 1),
(426, 82, 7, 4, 53, 10, '194.55', 1),
(427, 82, 7, 4, 54, 10, '248.77', 1),
(428, 82, 7, 4, 55, 10, '210.23', 1),
(429, 82, 7, 4, 56, 10, '154.83', 1),
(430, 82, 7, 4, -1, 10, '193.46', 1),
(431, 82, 8, 3, 53, 10, '152.81', 1),
(432, 82, 8, 3, 54, 10, '233.66', 1),
(433, 82, 8, 3, 55, 10, '159.89', 1),
(434, 82, 8, 3, 56, 10, '248.45', 1),
(435, 82, 8, 3, -1, 10, '212.59', 1),
(436, 82, 8, 4, 53, 10, '167.61', 1),
(437, 82, 8, 4, 54, 10, '150.26', 1),
(438, 82, 8, 4, 55, 10, '198.49', 1),
(439, 82, 8, 4, 56, 10, '191.67', 1),
(440, 82, 8, 4, -1, 10, '212.86', 1),
(441, 82, 9, 3, 53, 10, '239.3', 1),
(442, 82, 9, 3, 54, 10, '207.94', 1),
(443, 82, 9, 3, 55, 10, '171.78', 1),
(444, 82, 9, 3, 56, 10, '185.08', 1),
(445, 82, 9, 3, -1, 10, '160.05', 1),
(446, 82, 9, 4, 53, 10, '195.03', 1),
(447, 82, 9, 4, 54, 10, '244.99', 1),
(448, 82, 9, 4, 55, 10, '189.86', 1),
(449, 82, 9, 4, 56, 10, '164.31', 1),
(450, 82, 9, 4, -1, 10, '201.99', 1),
(451, 82, 10, 3, 53, 10, '167.01', 1),
(452, 82, 10, 3, 54, 10, '179.1', 1),
(453, 82, 10, 3, 55, 10, '244.48', 1),
(454, 82, 10, 3, 56, 10, '235.06', 1),
(455, 82, 10, 3, -1, 10, '191.9', 1),
(456, 82, 10, 4, 53, 10, '204.3', 1),
(457, 82, 10, 4, 54, 10, '195.79', 1),
(458, 82, 10, 4, 55, 10, '216.07', 1),
(459, 82, 10, 4, 56, 10, '242.95', 1),
(460, 82, 10, 4, -1, 10, '216.57', 1),
(461, 83, 6, 3, -1, 10, '203.99', 1),
(462, 83, 6, 4, -1, 10, '220.24', 1),
(463, 83, 7, 3, -1, 10, '239.21', 1),
(464, 83, 7, 4, -1, 10, '185.36', 1),
(465, 83, 8, 3, -1, 10, '159.15', 1),
(466, 83, 8, 4, -1, 10, '189.68', 1),
(467, 83, 9, 3, -1, 10, '220.96', 1),
(468, 83, 9, 4, -1, 10, '185.73', 1),
(469, 83, 10, 3, -1, 10, '215.8', 1),
(470, 83, 10, 4, -1, 10, '171.78', 1),
(471, 84, 6, 3, -1, 10, '161.51', 1),
(472, 84, 6, 4, -1, 10, '242.21', 1),
(473, 84, 7, 3, -1, 10, '176.52', 1),
(474, 84, 7, 4, -1, 10, '205.98', 1),
(475, 84, 8, 3, -1, 10, '150.33', 1),
(476, 84, 8, 4, -1, 10, '183.72', 1),
(477, 84, 9, 3, -1, 10, '217.6', 1),
(478, 84, 9, 4, -1, 10, '186.85', 1),
(479, 84, 10, 3, -1, 10, '231.43', 1),
(480, 84, 10, 4, -1, 10, '246.6', 1),
(481, 85, 6, 3, 53, 10, '188.71', 1),
(482, 85, 6, 3, 54, 10, '153.74', 1),
(483, 85, 6, 3, 55, 10, '152.56', 1),
(484, 85, 6, 3, 56, 10, '151.61', 1),
(485, 85, 6, 3, -1, 10, '150.36', 1),
(486, 85, 6, 4, 53, 10, '246.96', 1),
(487, 85, 6, 4, 54, 10, '233.74', 1),
(488, 85, 6, 4, 55, 10, '177.82', 1),
(489, 85, 6, 4, 56, 10, '237.86', 1),
(490, 85, 6, 4, -1, 10, '205.86', 1),
(491, 85, 7, 3, 53, 10, '165.73', 1),
(492, 85, 7, 3, 54, 10, '161.05', 1),
(493, 85, 7, 3, 55, 10, '158.05', 1),
(494, 85, 7, 3, 56, 10, '157.12', 1),
(495, 85, 7, 3, -1, 10, '161.45', 1),
(496, 85, 7, 4, 53, 10, '185.89', 1),
(497, 85, 7, 4, 54, 10, '195.11', 1),
(498, 85, 7, 4, 55, 10, '167.86', 1),
(499, 85, 7, 4, 56, 10, '203.97', 1),
(500, 85, 7, 4, -1, 10, '166.27', 1),
(501, 85, 8, 3, 53, 10, '169.44', 1),
(502, 85, 8, 3, 54, 10, '198.41', 1),
(503, 85, 8, 3, 55, 10, '233.7', 1),
(504, 85, 8, 3, 56, 10, '223.29', 1),
(505, 85, 8, 3, -1, 10, '165.36', 1),
(506, 85, 8, 4, 53, 10, '206.91', 1),
(507, 85, 8, 4, 54, 10, '188.49', 1),
(508, 85, 8, 4, 55, 10, '171.73', 1),
(509, 85, 8, 4, 56, 10, '243.15', 1),
(510, 85, 8, 4, -1, 10, '150.57', 1),
(511, 85, 9, 3, 53, 10, '173.41', 1),
(512, 85, 9, 3, 54, 10, '165.32', 1),
(513, 85, 9, 3, 55, 10, '156.37', 1),
(514, 85, 9, 3, 56, 10, '235.88', 1),
(515, 85, 9, 3, -1, 10, '160.32', 1),
(516, 85, 9, 4, 53, 10, '243.95', 1),
(517, 85, 9, 4, 54, 10, '188.81', 1),
(518, 85, 9, 4, 55, 10, '162.16', 1),
(519, 85, 9, 4, 56, 10, '194.4', 1),
(520, 85, 9, 4, -1, 10, '235.52', 1),
(521, 85, 10, 3, 53, 10, '244.41', 1),
(522, 85, 10, 3, 54, 10, '165.49', 1),
(523, 85, 10, 3, 55, 10, '244.21', 1),
(524, 85, 10, 3, 56, 10, '174.56', 1),
(525, 85, 10, 3, -1, 10, '190.19', 1),
(526, 85, 10, 4, 53, 10, '177.28', 1),
(527, 85, 10, 4, 54, 10, '165.83', 1),
(528, 85, 10, 4, 55, 10, '247.3', 1),
(529, 85, 10, 4, 56, 10, '189.02', 1),
(530, 85, 10, 4, -1, 10, '153.18', 1),
(531, 86, 6, 3, -1, 10, '248.84', 1),
(532, 86, 6, 4, -1, 10, '234.67', 1),
(533, 86, 7, 3, -1, 10, '176.81', 1),
(534, 86, 7, 4, -1, 10, '230.04', 1),
(535, 86, 8, 3, -1, 10, '169.79', 1),
(536, 86, 8, 4, -1, 10, '208.83', 1),
(537, 86, 9, 3, -1, 10, '184.77', 1),
(538, 86, 9, 4, -1, 10, '247.34', 1),
(539, 86, 10, 3, -1, 10, '232.42', 1),
(540, 86, 10, 4, -1, 10, '170.06', 1),
(541, 87, 6, 3, 53, 10, '203.04', 1),
(542, 87, 6, 3, 54, 10, '155.02', 1),
(543, 87, 6, 3, 55, 10, '215.99', 1),
(544, 87, 6, 3, 56, 10, '164.87', 1),
(545, 87, 6, 3, -1, 10, '226.38', 1),
(546, 87, 6, 4, 53, 10, '187.31', 1),
(547, 87, 6, 4, 54, 10, '207.38', 1),
(548, 87, 6, 4, 55, 10, '225', 1),
(549, 87, 6, 4, 56, 10, '152.86', 1),
(550, 87, 6, 4, -1, 10, '239.3', 1),
(551, 87, 7, 3, 53, 10, '187.92', 1),
(552, 87, 7, 3, 54, 10, '171.71', 1),
(553, 87, 7, 3, 55, 10, '244.76', 1),
(554, 87, 7, 3, 56, 10, '158.71', 1),
(555, 87, 7, 3, -1, 10, '209.23', 1),
(556, 87, 7, 4, 53, 10, '220.05', 1),
(557, 87, 7, 4, 54, 10, '222.54', 1),
(558, 87, 7, 4, 55, 10, '202.57', 1),
(559, 87, 7, 4, 56, 10, '195.23', 1),
(560, 87, 7, 4, -1, 10, '218.44', 1),
(561, 87, 8, 3, 53, 10, '156.53', 1),
(562, 87, 8, 3, 54, 10, '177.3', 1),
(563, 87, 8, 3, 55, 10, '166.92', 1),
(564, 87, 8, 3, 56, 10, '152.7', 1),
(565, 87, 8, 3, -1, 10, '212.73', 1),
(566, 87, 8, 4, 53, 10, '155.56', 1),
(567, 87, 8, 4, 54, 10, '189.6', 1),
(568, 87, 8, 4, 55, 10, '231.34', 1),
(569, 87, 8, 4, 56, 10, '237.88', 1),
(570, 87, 8, 4, -1, 10, '245.38', 1),
(571, 87, 9, 3, 53, 10, '163.28', 1),
(572, 87, 9, 3, 54, 10, '230.26', 1),
(573, 87, 9, 3, 55, 10, '211.47', 1),
(574, 87, 9, 3, 56, 10, '216.54', 1),
(575, 87, 9, 3, -1, 10, '198.3', 1),
(576, 87, 9, 4, 53, 10, '191.89', 1),
(577, 87, 9, 4, 54, 10, '214.53', 1),
(578, 87, 9, 4, 55, 10, '246.97', 1),
(579, 87, 9, 4, 56, 10, '241.29', 1),
(580, 87, 9, 4, -1, 10, '215.53', 1),
(581, 87, 10, 3, 53, 10, '203.78', 1),
(582, 87, 10, 3, 54, 10, '222.29', 1),
(583, 87, 10, 3, 55, 10, '150.12', 1),
(584, 87, 10, 3, 56, 10, '233.74', 1),
(585, 87, 10, 3, -1, 10, '168.34', 1),
(586, 87, 10, 4, 53, 10, '190.46', 1),
(587, 87, 10, 4, 54, 10, '197.28', 1),
(588, 87, 10, 4, 55, 10, '165.03', 1),
(589, 87, 10, 4, 56, 10, '183.29', 1),
(590, 87, 10, 4, -1, 10, '171.38', 1),
(591, 88, 6, 3, 53, 10, '157.03', 1),
(592, 88, 6, 3, 54, 10, '221.02', 1),
(593, 88, 6, 3, 55, 10, '184', 1),
(594, 88, 6, 3, 56, 10, '206.93', 1),
(595, 88, 6, 3, -1, 10, '232.64', 1),
(596, 88, 6, 4, 53, 10, '192.42', 1),
(597, 88, 6, 4, 54, 10, '214.18', 1),
(598, 88, 6, 4, 55, 10, '243.66', 1),
(599, 88, 6, 4, 56, 10, '225.74', 1),
(600, 88, 6, 4, -1, 10, '247.72', 1),
(601, 88, 7, 3, 53, 10, '211.38', 1),
(602, 88, 7, 3, 54, 10, '163.74', 1),
(603, 88, 7, 3, 55, 10, '234.58', 1),
(604, 88, 7, 3, 56, 10, '231.68', 1),
(605, 88, 7, 3, -1, 10, '204.64', 1),
(606, 88, 7, 4, 53, 10, '178.16', 1),
(607, 88, 7, 4, 54, 10, '226.87', 1),
(608, 88, 7, 4, 55, 10, '249.89', 1),
(609, 88, 7, 4, 56, 10, '218.82', 1),
(610, 88, 7, 4, -1, 10, '194.45', 1),
(611, 88, 8, 3, 53, 10, '165.8', 1),
(612, 88, 8, 3, 54, 10, '195.63', 1),
(613, 88, 8, 3, 55, 10, '230.74', 1),
(614, 88, 8, 3, 56, 10, '216.81', 1),
(615, 88, 8, 3, -1, 10, '241.85', 1),
(616, 88, 8, 4, 53, 10, '208.79', 1),
(617, 88, 8, 4, 54, 10, '168.42', 1),
(618, 88, 8, 4, 55, 10, '165.71', 1),
(619, 88, 8, 4, 56, 10, '173.3', 1),
(620, 88, 8, 4, -1, 10, '219.35', 1),
(621, 88, 9, 3, 53, 10, '226.88', 1),
(622, 88, 9, 3, 54, 10, '226.36', 1),
(623, 88, 9, 3, 55, 10, '201.13', 1),
(624, 88, 9, 3, 56, 10, '176.6', 1),
(625, 88, 9, 3, -1, 10, '229.58', 1),
(626, 88, 9, 4, 53, 10, '168.12', 1),
(627, 88, 9, 4, 54, 10, '201.84', 1),
(628, 88, 9, 4, 55, 10, '154.86', 1),
(629, 88, 9, 4, 56, 10, '218.77', 1),
(630, 88, 9, 4, -1, 10, '179.28', 1),
(631, 88, 10, 3, 53, 10, '190.09', 1),
(632, 88, 10, 3, 54, 10, '162.6', 1),
(633, 88, 10, 3, 55, 10, '192.74', 1),
(634, 88, 10, 3, 56, 10, '225.88', 1),
(635, 88, 10, 3, -1, 10, '201.19', 1),
(636, 88, 10, 4, 53, 10, '178.29', 1),
(637, 88, 10, 4, 54, 10, '237.91', 1),
(638, 88, 10, 4, 55, 10, '204.68', 1),
(639, 88, 10, 4, 56, 10, '159.65', 1),
(640, 88, 10, 4, -1, 10, '234.22', 1),
(641, 89, 6, 3, 49, 10, '242.14', 1),
(642, 89, 6, 3, 50, 10, '158.03', 1),
(643, 89, 6, 3, 51, 10, '213.74', 1),
(644, 89, 6, 3, 52, 10, '244.61', 1),
(645, 89, 6, 3, -1, 10, '231.85', 1),
(646, 89, 6, 4, 49, 10, '175.4', 1),
(647, 89, 6, 4, 50, 10, '231.46', 1),
(648, 89, 6, 4, 51, 10, '181.1', 1),
(649, 89, 6, 4, 52, 10, '161.12', 1),
(650, 89, 6, 4, -1, 10, '212.32', 1),
(651, 89, 7, 3, 49, 10, '228.2', 1),
(652, 89, 7, 3, 50, 10, '154.07', 1),
(653, 89, 7, 3, 51, 10, '235.76', 1),
(654, 89, 7, 3, 52, 10, '166.59', 1),
(655, 89, 7, 3, -1, 10, '175.65', 1),
(656, 89, 7, 4, 49, 10, '228.48', 1),
(657, 89, 7, 4, 50, 10, '165.45', 1),
(658, 89, 7, 4, 51, 10, '191.82', 1),
(659, 89, 7, 4, 52, 10, '212.73', 1),
(660, 89, 7, 4, -1, 10, '238.2', 1),
(661, 89, 8, 3, 49, 10, '202.81', 1),
(662, 89, 8, 3, 50, 10, '249.47', 1),
(663, 89, 8, 3, 51, 10, '188.89', 1),
(664, 89, 8, 3, 52, 10, '246.05', 1),
(665, 89, 8, 3, -1, 10, '213.59', 1),
(666, 89, 8, 4, 49, 10, '179.8', 1),
(667, 89, 8, 4, 50, 10, '208.22', 1),
(668, 89, 8, 4, 51, 10, '151.69', 1),
(669, 89, 8, 4, 52, 10, '183.78', 1),
(670, 89, 8, 4, -1, 10, '213.85', 1),
(671, 89, 9, 3, 49, 10, '167.91', 1),
(672, 89, 9, 3, 50, 10, '248', 1),
(673, 89, 9, 3, 51, 10, '186.25', 1),
(674, 89, 9, 3, 52, 10, '237.28', 1),
(675, 89, 9, 3, -1, 10, '177.63', 1),
(676, 89, 9, 4, 49, 10, '226.31', 1),
(677, 89, 9, 4, 50, 10, '248.66', 1),
(678, 89, 9, 4, 51, 10, '214.37', 1),
(679, 89, 9, 4, 52, 10, '175.86', 1),
(680, 89, 9, 4, -1, 10, '186.22', 1),
(681, 89, 10, 3, 49, 10, '153.49', 1),
(682, 89, 10, 3, 50, 10, '158.78', 1),
(683, 89, 10, 3, 51, 10, '183.44', 1),
(684, 89, 10, 3, 52, 10, '190.88', 1),
(685, 89, 10, 3, -1, 10, '154.06', 1),
(686, 89, 10, 4, 49, 10, '247.68', 1),
(687, 89, 10, 4, 50, 10, '226.19', 1),
(688, 89, 10, 4, 51, 10, '237.92', 1),
(689, 89, 10, 4, 52, 10, '161.05', 1),
(690, 89, 10, 4, -1, 10, '241.48', 1),
(691, 90, 6, 3, 49, 10, '174.27', 1),
(692, 90, 6, 3, 50, 10, '196.89', 1),
(693, 90, 6, 3, 51, 10, '211.66', 1),
(694, 90, 6, 3, 52, 10, '217.64', 1),
(695, 90, 6, 3, -1, 10, '203.2', 1),
(696, 90, 6, 4, 49, 10, '213.07', 1),
(697, 90, 6, 4, 50, 10, '205.75', 1),
(698, 90, 6, 4, 51, 10, '239.56', 1),
(699, 90, 6, 4, 52, 10, '230.55', 1),
(700, 90, 6, 4, -1, 10, '184.08', 1),
(701, 90, 7, 3, 49, 10, '178.72', 1),
(702, 90, 7, 3, 50, 10, '191.38', 1),
(703, 90, 7, 3, 51, 10, '170.75', 1),
(704, 90, 7, 3, 52, 10, '229.58', 1),
(705, 90, 7, 3, -1, 10, '185.66', 1),
(706, 90, 7, 4, 49, 10, '189.57', 1),
(707, 90, 7, 4, 50, 10, '240.85', 1),
(708, 90, 7, 4, 51, 10, '185.56', 1),
(709, 90, 7, 4, 52, 10, '155.24', 1),
(710, 90, 7, 4, -1, 10, '169.51', 1),
(711, 90, 8, 3, 49, 10, '231.82', 1),
(712, 90, 8, 3, 50, 10, '200.57', 1),
(713, 90, 8, 3, 51, 10, '157.41', 1),
(714, 90, 8, 3, 52, 10, '235.32', 1),
(715, 90, 8, 3, -1, 10, '154.39', 1),
(716, 90, 8, 4, 49, 10, '215.96', 1),
(717, 90, 8, 4, 50, 10, '166.65', 1),
(718, 90, 8, 4, 51, 10, '235.38', 1),
(719, 90, 8, 4, 52, 10, '226.95', 1),
(720, 90, 8, 4, -1, 10, '178.62', 1),
(721, 90, 9, 3, 49, 10, '162.23', 1),
(722, 90, 9, 3, 50, 10, '225.29', 1),
(723, 90, 9, 3, 51, 10, '189.77', 1),
(724, 90, 9, 3, 52, 10, '222.96', 1),
(725, 90, 9, 3, -1, 10, '195.49', 1),
(726, 90, 9, 4, 49, 10, '158.59', 1),
(727, 90, 9, 4, 50, 10, '156.48', 1),
(728, 90, 9, 4, 51, 10, '156.62', 1),
(729, 90, 9, 4, 52, 10, '163.64', 1),
(730, 90, 9, 4, -1, 10, '198.38', 1),
(731, 90, 10, 3, 49, 10, '150.95', 1),
(732, 90, 10, 3, 50, 10, '209.6', 1),
(733, 90, 10, 3, 51, 10, '245.15', 1),
(734, 90, 10, 3, 52, 10, '246.98', 1),
(735, 90, 10, 3, -1, 10, '249.42', 1),
(736, 90, 10, 4, 49, 10, '156.16', 1),
(737, 90, 10, 4, 50, 10, '182.54', 1),
(738, 90, 10, 4, 51, 10, '194.22', 1),
(739, 90, 10, 4, 52, 10, '173.49', 1),
(740, 90, 10, 4, -1, 10, '234.78', 1),
(741, 91, 6, 3, 49, 10, '203.44', 1),
(742, 91, 6, 3, 50, 10, '162.86', 1),
(743, 91, 6, 3, 51, 10, '153.98', 1),
(744, 91, 6, 3, 52, 10, '231.34', 1),
(745, 91, 6, 3, -1, 10, '244.73', 1),
(746, 91, 6, 4, 49, 10, '179.62', 1),
(747, 91, 6, 4, 50, 10, '213.93', 1),
(748, 91, 6, 4, 51, 10, '180.77', 1),
(749, 91, 6, 4, 52, 10, '212.07', 1),
(750, 91, 6, 4, -1, 10, '168.04', 1),
(751, 91, 7, 3, 49, 10, '153.99', 1),
(752, 91, 7, 3, 50, 10, '215.84', 1),
(753, 91, 7, 3, 51, 10, '167.2', 1),
(754, 91, 7, 3, 52, 10, '238.51', 1),
(755, 91, 7, 3, -1, 10, '240.94', 1),
(756, 91, 7, 4, 49, 10, '239.16', 1),
(757, 91, 7, 4, 50, 10, '222.97', 1),
(758, 91, 7, 4, 51, 10, '247.37', 1),
(759, 91, 7, 4, 52, 10, '217.97', 1),
(760, 91, 7, 4, -1, 10, '197.72', 1),
(761, 91, 8, 3, 49, 10, '184.7', 1),
(762, 91, 8, 3, 50, 10, '180.35', 1),
(763, 91, 8, 3, 51, 10, '197.66', 1),
(764, 91, 8, 3, 52, 10, '197.22', 1),
(765, 91, 8, 3, -1, 10, '243.11', 1),
(766, 91, 8, 4, 49, 10, '173.91', 1),
(767, 91, 8, 4, 50, 10, '190.23', 1),
(768, 91, 8, 4, 51, 10, '179.42', 1),
(769, 91, 8, 4, 52, 10, '176.41', 1),
(770, 91, 8, 4, -1, 10, '193.79', 1),
(771, 91, 9, 3, 49, 10, '189.73', 1),
(772, 91, 9, 3, 50, 10, '217.27', 1),
(773, 91, 9, 3, 51, 10, '167.14', 1),
(774, 91, 9, 3, 52, 10, '233.92', 1),
(775, 91, 9, 3, -1, 10, '218.17', 1),
(776, 91, 9, 4, 49, 10, '239.1', 1),
(777, 91, 9, 4, 50, 10, '190.96', 1),
(778, 91, 9, 4, 51, 10, '187.52', 1),
(779, 91, 9, 4, 52, 10, '214.72', 1),
(780, 91, 9, 4, -1, 10, '161.04', 1),
(781, 91, 10, 3, 49, 10, '211.02', 1),
(782, 91, 10, 3, 50, 10, '221.98', 1),
(783, 91, 10, 3, 51, 10, '226.85', 1),
(784, 91, 10, 3, 52, 10, '218.32', 1),
(785, 91, 10, 3, -1, 10, '161.06', 1),
(786, 91, 10, 4, 49, 10, '200.31', 1),
(787, 91, 10, 4, 50, 10, '168.39', 1),
(788, 91, 10, 4, 51, 10, '191.01', 1),
(789, 91, 10, 4, 52, 10, '199.88', 1),
(790, 91, 10, 4, -1, 10, '176.36', 1),
(791, 92, 6, 3, 69, 10, '232.16', 1),
(792, 92, 6, 3, 70, 10, '181.73', 1),
(793, 92, 6, 3, 71, 10, '162.18', 1),
(794, 92, 6, 3, 72, 10, '215.68', 1),
(795, 92, 6, 3, -1, 10, '241.88', 1),
(796, 92, 6, 4, 69, 10, '212.36', 1),
(797, 92, 6, 4, 70, 10, '186.18', 1),
(798, 92, 6, 4, 71, 10, '243.79', 1),
(799, 92, 6, 4, 72, 10, '210.43', 1),
(800, 92, 6, 4, -1, 10, '170.76', 1),
(801, 92, 7, 3, 69, 10, '172.51', 1),
(802, 92, 7, 3, 70, 10, '200.27', 1),
(803, 92, 7, 3, 71, 10, '233.83', 1),
(804, 92, 7, 3, 72, 10, '218.32', 1),
(805, 92, 7, 3, -1, 10, '240.13', 1),
(806, 92, 7, 4, 69, 10, '195.67', 1),
(807, 92, 7, 4, 70, 10, '207.95', 1),
(808, 92, 7, 4, 71, 10, '202.77', 1),
(809, 92, 7, 4, 72, 10, '240', 1),
(810, 92, 7, 4, -1, 10, '241.7', 1),
(811, 92, 8, 3, 69, 10, '238.5', 1),
(812, 92, 8, 3, 70, 10, '217.39', 1),
(813, 92, 8, 3, 71, 10, '221.47', 1),
(814, 92, 8, 3, 72, 10, '205.15', 1),
(815, 92, 8, 3, -1, 10, '211.34', 1),
(816, 92, 8, 4, 69, 10, '191.24', 1),
(817, 92, 8, 4, 70, 10, '172.19', 1),
(818, 92, 8, 4, 71, 10, '237.21', 1),
(819, 92, 8, 4, 72, 10, '219.5', 1),
(820, 92, 8, 4, -1, 10, '235.87', 1),
(821, 92, 9, 3, 69, 10, '170.86', 1),
(822, 92, 9, 3, 70, 10, '196.67', 1),
(823, 92, 9, 3, 71, 10, '220.78', 1),
(824, 92, 9, 3, 72, 10, '163.87', 1),
(825, 92, 9, 3, -1, 10, '207.02', 1),
(826, 92, 9, 4, 69, 10, '193.48', 1),
(827, 92, 9, 4, 70, 10, '196.36', 1),
(828, 92, 9, 4, 71, 10, '151.37', 1),
(829, 92, 9, 4, 72, 10, '217.76', 1),
(830, 92, 9, 4, -1, 10, '184.71', 1),
(831, 92, 10, 3, 69, 10, '220.25', 1),
(832, 92, 10, 3, 70, 10, '197.11', 1),
(833, 92, 10, 3, 71, 10, '174.81', 1),
(834, 92, 10, 3, 72, 10, '232.72', 1),
(835, 92, 10, 3, -1, 10, '189.16', 1),
(836, 92, 10, 4, 69, 10, '197.66', 1),
(837, 92, 10, 4, 70, 10, '170.82', 1),
(838, 92, 10, 4, 71, 10, '211.1', 1),
(839, 92, 10, 4, 72, 10, '193.04', 1),
(840, 92, 10, 4, -1, 10, '181.93', 1),
(841, 93, 6, 3, -1, 10, '180.5', 1),
(842, 93, 6, 4, -1, 10, '206.73', 1),
(843, 93, 7, 3, -1, 10, '242.15', 1),
(844, 93, 7, 4, -1, 10, '240.55', 1),
(845, 93, 8, 3, -1, 10, '226.31', 1),
(846, 93, 8, 4, -1, 10, '159.9', 1),
(847, 93, 9, 3, -1, 10, '170.56', 1),
(848, 93, 9, 4, -1, 10, '223.11', 1),
(849, 93, 10, 3, -1, 10, '153.86', 1),
(850, 93, 10, 4, -1, 10, '249.96', 1),
(851, 94, 6, 3, 69, 10, '238.22', 1),
(852, 94, 6, 3, 70, 10, '191.21', 1),
(853, 94, 6, 3, 71, 10, '191.39', 1),
(854, 94, 6, 3, 72, 10, '233.31', 1),
(855, 94, 6, 3, -1, 10, '242.4', 1),
(856, 94, 6, 4, 69, 10, '162.05', 1),
(857, 94, 6, 4, 70, 10, '233.04', 1),
(858, 94, 6, 4, 71, 10, '229.08', 1),
(859, 94, 6, 4, 72, 10, '196.27', 1),
(860, 94, 6, 4, -1, 10, '244.12', 1),
(861, 94, 7, 3, 69, 10, '181.79', 1),
(862, 94, 7, 3, 70, 10, '226.59', 1),
(863, 94, 7, 3, 71, 10, '237.58', 1),
(864, 94, 7, 3, 72, 10, '158.13', 1),
(865, 94, 7, 3, -1, 10, '227.92', 1),
(866, 94, 7, 4, 69, 10, '215.22', 1),
(867, 94, 7, 4, 70, 10, '242.33', 1),
(868, 94, 7, 4, 71, 10, '216.01', 1),
(869, 94, 7, 4, 72, 10, '203.03', 1),
(870, 94, 7, 4, -1, 10, '217.14', 1),
(871, 94, 8, 3, 69, 10, '226.62', 1),
(872, 94, 8, 3, 70, 10, '231.69', 1),
(873, 94, 8, 3, 71, 10, '228.56', 1),
(874, 94, 8, 3, 72, 10, '197.73', 1),
(875, 94, 8, 3, -1, 10, '152.97', 1),
(876, 94, 8, 4, 69, 10, '221.68', 1),
(877, 94, 8, 4, 70, 10, '199.49', 1),
(878, 94, 8, 4, 71, 10, '182.41', 1),
(879, 94, 8, 4, 72, 10, '163.59', 1),
(880, 94, 8, 4, -1, 10, '220.69', 1),
(881, 94, 9, 3, 69, 10, '162.71', 1),
(882, 94, 9, 3, 70, 10, '201.48', 1),
(883, 94, 9, 3, 71, 10, '169.25', 1),
(884, 94, 9, 3, 72, 10, '191.81', 1),
(885, 94, 9, 3, -1, 10, '201.29', 1),
(886, 94, 9, 4, 69, 10, '181.03', 1),
(887, 94, 9, 4, 70, 10, '151.29', 1),
(888, 94, 9, 4, 71, 10, '163.34', 1),
(889, 94, 9, 4, 72, 10, '212.86', 1),
(890, 94, 9, 4, -1, 10, '224.25', 1),
(891, 94, 10, 3, 69, 10, '232.67', 1),
(892, 94, 10, 3, 70, 10, '240.62', 1),
(893, 94, 10, 3, 71, 10, '155.07', 1),
(894, 94, 10, 3, 72, 10, '203.48', 1),
(895, 94, 10, 3, -1, 10, '202.19', 1),
(896, 94, 10, 4, 69, 10, '150.51', 1),
(897, 94, 10, 4, 70, 10, '195.99', 1),
(898, 94, 10, 4, 71, 10, '178.41', 1),
(899, 94, 10, 4, 72, 10, '154.08', 1),
(900, 94, 10, 4, -1, 10, '185.17', 1),
(901, 95, 6, 3, -1, 10, '213.63', 1),
(902, 95, 6, 4, -1, 10, '162.62', 1),
(903, 95, 7, 3, -1, 10, '222.21', 1),
(904, 95, 7, 4, -1, 10, '173.17', 1),
(905, 95, 8, 3, -1, 10, '249.26', 1),
(906, 95, 8, 4, -1, 10, '176.76', 1),
(907, 95, 9, 3, -1, 10, '186.01', 1),
(908, 95, 9, 4, -1, 10, '249.79', 1),
(909, 95, 10, 3, -1, 10, '240.93', 1),
(910, 95, 10, 4, -1, 10, '205.29', 1),
(911, 96, 6, 3, 69, 10, '153.65', 1),
(912, 96, 6, 3, 70, 10, '202.36', 1),
(913, 96, 6, 3, 71, 10, '200.87', 1),
(914, 96, 6, 3, 72, 10, '247.28', 1),
(915, 96, 6, 3, -1, 10, '183.76', 1),
(916, 96, 6, 4, 69, 10, '226.99', 1),
(917, 96, 6, 4, 70, 10, '233.64', 1),
(918, 96, 6, 4, 71, 10, '237.24', 1),
(919, 96, 6, 4, 72, 10, '235.29', 1),
(920, 96, 6, 4, -1, 10, '214.74', 1),
(921, 96, 7, 3, 69, 10, '217.82', 1),
(922, 96, 7, 3, 70, 10, '194.86', 1),
(923, 96, 7, 3, 71, 10, '170.87', 1),
(924, 96, 7, 3, 72, 10, '219.76', 1),
(925, 96, 7, 3, -1, 10, '236.21', 1),
(926, 96, 7, 4, 69, 10, '171.75', 1),
(927, 96, 7, 4, 70, 10, '200.14', 1),
(928, 96, 7, 4, 71, 10, '235.43', 1),
(929, 96, 7, 4, 72, 10, '226.74', 1),
(930, 96, 7, 4, -1, 10, '177.41', 1),
(931, 96, 8, 3, 69, 10, '156.82', 1),
(932, 96, 8, 3, 70, 10, '201.86', 1),
(933, 96, 8, 3, 71, 10, '188.85', 1),
(934, 96, 8, 3, 72, 10, '188.67', 1),
(935, 96, 8, 3, -1, 10, '226.79', 1),
(936, 96, 8, 4, 69, 10, '217.96', 1),
(937, 96, 8, 4, 70, 10, '159.43', 1),
(938, 96, 8, 4, 71, 10, '193.27', 1),
(939, 96, 8, 4, 72, 10, '238.04', 1),
(940, 96, 8, 4, -1, 10, '160.39', 1),
(941, 96, 9, 3, 69, 10, '237.83', 1),
(942, 96, 9, 3, 70, 10, '158', 1),
(943, 96, 9, 3, 71, 10, '226.52', 1),
(944, 96, 9, 3, 72, 10, '208.59', 1),
(945, 96, 9, 3, -1, 10, '213.38', 1),
(946, 96, 9, 4, 69, 10, '191.15', 1),
(947, 96, 9, 4, 70, 10, '165.58', 1),
(948, 96, 9, 4, 71, 10, '204.46', 1),
(949, 96, 9, 4, 72, 10, '175.57', 1),
(950, 96, 9, 4, -1, 10, '214.46', 1),
(951, 96, 10, 3, 69, 10, '195.57', 1),
(952, 96, 10, 3, 70, 10, '184.51', 1),
(953, 96, 10, 3, 71, 10, '185.8', 1),
(954, 96, 10, 3, 72, 10, '225.5', 1),
(955, 96, 10, 3, -1, 10, '220.08', 1),
(956, 96, 10, 4, 69, 10, '173.91', 1),
(957, 96, 10, 4, 70, 10, '159.3', 1),
(958, 96, 10, 4, 71, 10, '224.76', 1),
(959, 96, 10, 4, 72, 10, '195.93', 1),
(960, 96, 10, 4, -1, 10, '155.34', 1),
(961, 97, 6, 3, -1, 10, '238.91', 1),
(962, 97, 6, 4, -1, 10, '178.54', 1),
(963, 97, 7, 3, -1, 10, '225.96', 1),
(964, 97, 7, 4, -1, 10, '244.2', 1),
(965, 97, 8, 3, -1, 10, '193.1', 1),
(966, 97, 8, 4, -1, 10, '182.89', 1),
(967, 97, 9, 3, -1, 10, '185.18', 1),
(968, 97, 9, 4, -1, 10, '227.23', 1),
(969, 97, 10, 3, -1, 10, '230.6', 1),
(970, 97, 10, 4, -1, 10, '221.31', 1),
(971, 98, 6, 3, -1, 10, '164.73', 1),
(972, 98, 6, 4, -1, 10, '209.75', 1),
(973, 98, 7, 3, -1, 10, '204.53', 1),
(974, 98, 7, 4, -1, 10, '243.42', 1),
(975, 98, 8, 3, -1, 10, '153.51', 1),
(976, 98, 8, 4, -1, 10, '187.3', 1),
(977, 98, 9, 3, -1, 10, '225.96', 1),
(978, 98, 9, 4, -1, 10, '217.91', 1),
(979, 98, 10, 3, -1, 10, '161.66', 1),
(980, 98, 10, 4, -1, 10, '204.58', 1),
(981, 99, 6, 3, 57, 10, '187.9', 1),
(982, 99, 6, 3, 58, 10, '175.79', 1),
(983, 99, 6, 3, 59, 10, '165.22', 1),
(984, 99, 6, 3, 60, 10, '248.75', 1),
(985, 99, 6, 3, -1, 10, '198.09', 1),
(986, 99, 6, 4, 57, 10, '194.21', 1),
(987, 99, 6, 4, 58, 10, '226.76', 1),
(988, 99, 6, 4, 59, 10, '201.17', 1),
(989, 99, 6, 4, 60, 10, '175.57', 1),
(990, 99, 6, 4, -1, 10, '224.36', 1),
(991, 99, 7, 3, 57, 10, '245.09', 1),
(992, 99, 7, 3, 58, 10, '202.37', 1),
(993, 99, 7, 3, 59, 10, '226.57', 1),
(994, 99, 7, 3, 60, 10, '175.75', 1),
(995, 99, 7, 3, -1, 10, '249.05', 1),
(996, 99, 7, 4, 57, 10, '167.98', 1),
(997, 99, 7, 4, 58, 10, '242.77', 1),
(998, 99, 7, 4, 59, 10, '159.89', 1),
(999, 99, 7, 4, 60, 10, '221.16', 1),
(1000, 99, 7, 4, -1, 10, '176.14', 1),
(1001, 99, 8, 3, 57, 10, '167.2', 1),
(1002, 99, 8, 3, 58, 10, '157.59', 1),
(1003, 99, 8, 3, 59, 10, '236.36', 1),
(1004, 99, 8, 3, 60, 10, '159.02', 1),
(1005, 99, 8, 3, -1, 10, '236.01', 1),
(1006, 99, 8, 4, 57, 10, '153', 1),
(1007, 99, 8, 4, 58, 10, '206.96', 1),
(1008, 99, 8, 4, 59, 10, '225.81', 1),
(1009, 99, 8, 4, 60, 10, '158.16', 1),
(1010, 99, 8, 4, -1, 10, '163.38', 1),
(1011, 99, 9, 3, 57, 10, '192.44', 1),
(1012, 99, 9, 3, 58, 10, '222.03', 1),
(1013, 99, 9, 3, 59, 10, '182.85', 1),
(1014, 99, 9, 3, 60, 10, '198.17', 1),
(1015, 99, 9, 3, -1, 10, '192.3', 1),
(1016, 99, 9, 4, 57, 10, '217', 1),
(1017, 99, 9, 4, 58, 10, '158.08', 1),
(1018, 99, 9, 4, 59, 10, '189.4', 1),
(1019, 99, 9, 4, 60, 10, '222.78', 1),
(1020, 99, 9, 4, -1, 10, '195.67', 1),
(1021, 99, 10, 3, 57, 10, '160.03', 1),
(1022, 99, 10, 3, 58, 10, '163.13', 1),
(1023, 99, 10, 3, 59, 10, '185.58', 1),
(1024, 99, 10, 3, 60, 10, '188.49', 1),
(1025, 99, 10, 3, -1, 10, '235.71', 1),
(1026, 99, 10, 4, 57, 10, '163.07', 1),
(1027, 99, 10, 4, 58, 10, '158.23', 1),
(1028, 99, 10, 4, 59, 10, '151.95', 1),
(1029, 99, 10, 4, 60, 10, '235.06', 1),
(1030, 99, 10, 4, -1, 10, '169.45', 1),
(1031, 100, 6, 3, 61, 10, '192.08', 1),
(1032, 100, 6, 3, 62, 10, '202.03', 1),
(1033, 100, 6, 3, 63, 10, '183.9', 1),
(1034, 100, 6, 3, 64, 10, '163.41', 1),
(1035, 100, 6, 3, -1, 10, '215.35', 1),
(1036, 100, 6, 4, 61, 10, '236.53', 1),
(1037, 100, 6, 4, 62, 10, '186.58', 1),
(1038, 100, 6, 4, 63, 10, '173.31', 1),
(1039, 100, 6, 4, 64, 10, '156.83', 1),
(1040, 100, 6, 4, -1, 10, '214.2', 1),
(1041, 100, 7, 3, 61, 10, '150.52', 1),
(1042, 100, 7, 3, 62, 10, '159.99', 1),
(1043, 100, 7, 3, 63, 10, '198.41', 1),
(1044, 100, 7, 3, 64, 10, '162.09', 1),
(1045, 100, 7, 3, -1, 10, '165.2', 1),
(1046, 100, 7, 4, 61, 10, '189.74', 1),
(1047, 100, 7, 4, 62, 10, '203.09', 1),
(1048, 100, 7, 4, 63, 10, '196.23', 1),
(1049, 100, 7, 4, 64, 10, '221.9', 1),
(1050, 100, 7, 4, -1, 10, '170.8', 1),
(1051, 100, 8, 3, 61, 10, '238.3', 1),
(1052, 100, 8, 3, 62, 10, '229.11', 1),
(1053, 100, 8, 3, 63, 10, '180.66', 1),
(1054, 100, 8, 3, 64, 10, '165.95', 1),
(1055, 100, 8, 3, -1, 10, '237.79', 1),
(1056, 100, 8, 4, 61, 10, '241.09', 1),
(1057, 100, 8, 4, 62, 10, '242.07', 1),
(1058, 100, 8, 4, 63, 10, '237.08', 1),
(1059, 100, 8, 4, 64, 10, '209.2', 1),
(1060, 100, 8, 4, -1, 10, '184.76', 1),
(1061, 100, 9, 3, 61, 10, '246.21', 1),
(1062, 100, 9, 3, 62, 10, '226.78', 1),
(1063, 100, 9, 3, 63, 10, '245.26', 1),
(1064, 100, 9, 3, 64, 10, '195.96', 1),
(1065, 100, 9, 3, -1, 10, '194', 1),
(1066, 100, 9, 4, 61, 10, '232.13', 1),
(1067, 100, 9, 4, 62, 10, '228.67', 1),
(1068, 100, 9, 4, 63, 10, '196.93', 1),
(1069, 100, 9, 4, 64, 10, '248.64', 1),
(1070, 100, 9, 4, -1, 10, '202.4', 1),
(1071, 100, 10, 3, 61, 10, '216.1', 1),
(1072, 100, 10, 3, 62, 10, '223.28', 1),
(1073, 100, 10, 3, 63, 10, '218.12', 1),
(1074, 100, 10, 3, 64, 10, '170.75', 1),
(1075, 100, 10, 3, -1, 10, '249.41', 1),
(1076, 100, 10, 4, 61, 10, '184.79', 1),
(1077, 100, 10, 4, 62, 10, '225.71', 1),
(1078, 100, 10, 4, 63, 10, '224.18', 1),
(1079, 100, 10, 4, 64, 10, '193.76', 1),
(1080, 100, 10, 4, -1, 10, '246.27', 1),
(1081, 101, 6, 3, 57, 10, '200.08', 1),
(1082, 101, 6, 3, 58, 10, '211.58', 1),
(1083, 101, 6, 3, 59, 10, '207.68', 1),
(1084, 101, 6, 3, 60, 10, '153.65', 1),
(1085, 101, 6, 3, -1, 10, '195.22', 1),
(1086, 101, 6, 4, 57, 10, '165.14', 1),
(1087, 101, 6, 4, 58, 10, '190.06', 1),
(1088, 101, 6, 4, 59, 10, '204.87', 1),
(1089, 101, 6, 4, 60, 10, '204.16', 1),
(1090, 101, 6, 4, -1, 10, '156.18', 1),
(1091, 101, 7, 3, 57, 10, '218.42', 1),
(1092, 101, 7, 3, 58, 10, '173.57', 1),
(1093, 101, 7, 3, 59, 10, '162.59', 1),
(1094, 101, 7, 3, 60, 10, '242.25', 1),
(1095, 101, 7, 3, -1, 10, '173.48', 1),
(1096, 101, 7, 4, 57, 10, '190.63', 1),
(1097, 101, 7, 4, 58, 10, '182.74', 1),
(1098, 101, 7, 4, 59, 10, '191.8', 1),
(1099, 101, 7, 4, 60, 10, '160.79', 1),
(1100, 101, 7, 4, -1, 10, '178.53', 1),
(1101, 101, 8, 3, 57, 10, '160.3', 1),
(1102, 101, 8, 3, 58, 10, '215.9', 1),
(1103, 101, 8, 3, 59, 10, '248.61', 1),
(1104, 101, 8, 3, 60, 10, '245.33', 1),
(1105, 101, 8, 3, -1, 10, '230.83', 1),
(1106, 101, 8, 4, 57, 10, '168.15', 1),
(1107, 101, 8, 4, 58, 10, '198.26', 1),
(1108, 101, 8, 4, 59, 10, '236.87', 1),
(1109, 101, 8, 4, 60, 10, '239.54', 1),
(1110, 101, 8, 4, -1, 10, '237.12', 1),
(1111, 101, 9, 3, 57, 10, '216.98', 1),
(1112, 101, 9, 3, 58, 10, '223.54', 1),
(1113, 101, 9, 3, 59, 10, '216.77', 1),
(1114, 101, 9, 3, 60, 10, '163.23', 1),
(1115, 101, 9, 3, -1, 10, '215.85', 1),
(1116, 101, 9, 4, 57, 10, '239.54', 1),
(1117, 101, 9, 4, 58, 10, '200.14', 1),
(1118, 101, 9, 4, 59, 10, '232.09', 1),
(1119, 101, 9, 4, 60, 10, '210.03', 1),
(1120, 101, 9, 4, -1, 10, '203.86', 1),
(1121, 101, 10, 3, 57, 10, '239.24', 1),
(1122, 101, 10, 3, 58, 10, '234.61', 1),
(1123, 101, 10, 3, 59, 10, '205.32', 1),
(1124, 101, 10, 3, 60, 10, '172.77', 1),
(1125, 101, 10, 3, -1, 10, '197.89', 1),
(1126, 101, 10, 4, 57, 10, '221.15', 1),
(1127, 101, 10, 4, 58, 10, '162.09', 1),
(1128, 101, 10, 4, 59, 10, '197.01', 1),
(1129, 101, 10, 4, 60, 10, '248.77', 1),
(1130, 101, 10, 4, -1, 10, '202.81', 1),
(1131, 102, 6, 3, 57, 10, '217.73', 1),
(1132, 102, 6, 3, 58, 10, '230.24', 1),
(1133, 102, 6, 3, 59, 10, '248', 1),
(1134, 102, 6, 3, 60, 10, '199.28', 1),
(1135, 102, 6, 3, -1, 10, '202.42', 1),
(1136, 102, 6, 4, 57, 10, '164.24', 1),
(1137, 102, 6, 4, 58, 10, '163.93', 1),
(1138, 102, 6, 4, 59, 10, '176.92', 1),
(1139, 102, 6, 4, 60, 10, '242.82', 1),
(1140, 102, 6, 4, -1, 10, '233.36', 1),
(1141, 102, 7, 3, 57, 10, '188.34', 1),
(1142, 102, 7, 3, 58, 10, '191.63', 1),
(1143, 102, 7, 3, 59, 10, '243.11', 1),
(1144, 102, 7, 3, 60, 10, '190.69', 1),
(1145, 102, 7, 3, -1, 10, '174.08', 1),
(1146, 102, 7, 4, 57, 10, '248.37', 1),
(1147, 102, 7, 4, 58, 10, '169.57', 1),
(1148, 102, 7, 4, 59, 10, '152.77', 1),
(1149, 102, 7, 4, 60, 10, '205.11', 1),
(1150, 102, 7, 4, -1, 10, '217.25', 1),
(1151, 102, 8, 3, 57, 10, '220.94', 1),
(1152, 102, 8, 3, 58, 10, '202.96', 1),
(1153, 102, 8, 3, 59, 10, '201.95', 1),
(1154, 102, 8, 3, 60, 10, '150.87', 1),
(1155, 102, 8, 3, -1, 10, '198.5', 1),
(1156, 102, 8, 4, 57, 10, '189.9', 1),
(1157, 102, 8, 4, 58, 10, '203.99', 1),
(1158, 102, 8, 4, 59, 10, '200.26', 1),
(1159, 102, 8, 4, 60, 10, '239.34', 1),
(1160, 102, 8, 4, -1, 10, '245.92', 1),
(1161, 102, 9, 3, 57, 10, '161.57', 1),
(1162, 102, 9, 3, 58, 10, '220.08', 1),
(1163, 102, 9, 3, 59, 10, '165.7', 1),
(1164, 102, 9, 3, 60, 10, '218.28', 1),
(1165, 102, 9, 3, -1, 10, '244.28', 1),
(1166, 102, 9, 4, 57, 10, '216.57', 1),
(1167, 102, 9, 4, 58, 10, '200.02', 1),
(1168, 102, 9, 4, 59, 10, '200.39', 1),
(1169, 102, 9, 4, 60, 10, '151.9', 1),
(1170, 102, 9, 4, -1, 10, '208.33', 1),
(1171, 102, 10, 3, 57, 10, '235.96', 1),
(1172, 102, 10, 3, 58, 10, '204.8', 1),
(1173, 102, 10, 3, 59, 10, '166.14', 1),
(1174, 102, 10, 3, 60, 10, '166.27', 1),
(1175, 102, 10, 3, -1, 10, '182.95', 1),
(1176, 102, 10, 4, 57, 10, '165.93', 1),
(1177, 102, 10, 4, 58, 10, '230.8', 1),
(1178, 102, 10, 4, 59, 10, '206.19', 1),
(1179, 102, 10, 4, 60, 10, '188.57', 1),
(1180, 102, 10, 4, -1, 10, '174.26', 1),
(1181, 103, 6, 3, 57, 10, '155.6', 1),
(1182, 103, 6, 3, 58, 10, '205.22', 1),
(1183, 103, 6, 3, 59, 10, '209.32', 1),
(1184, 103, 6, 3, 60, 10, '180.91', 1),
(1185, 103, 6, 3, -1, 10, '226.6', 1),
(1186, 103, 6, 4, 57, 10, '240.28', 1),
(1187, 103, 6, 4, 58, 10, '171.59', 1),
(1188, 103, 6, 4, 59, 10, '187.11', 1),
(1189, 103, 6, 4, 60, 10, '170.78', 1),
(1190, 103, 6, 4, -1, 10, '242.56', 1),
(1191, 103, 7, 3, 57, 10, '150.45', 1),
(1192, 103, 7, 3, 58, 10, '174.57', 1),
(1193, 103, 7, 3, 59, 10, '171.52', 1),
(1194, 103, 7, 3, 60, 10, '183.9', 1),
(1195, 103, 7, 3, -1, 10, '154.93', 1),
(1196, 103, 7, 4, 57, 10, '172.95', 1),
(1197, 103, 7, 4, 58, 10, '249.97', 1),
(1198, 103, 7, 4, 59, 10, '180.99', 1),
(1199, 103, 7, 4, 60, 10, '205.03', 1),
(1200, 103, 7, 4, -1, 10, '232.2', 1),
(1201, 103, 8, 3, 57, 10, '195.9', 1),
(1202, 103, 8, 3, 58, 10, '232.91', 1),
(1203, 103, 8, 3, 59, 10, '226.85', 1),
(1204, 103, 8, 3, 60, 10, '185.53', 1),
(1205, 103, 8, 3, -1, 10, '197.08', 1),
(1206, 103, 8, 4, 57, 10, '178.81', 1),
(1207, 103, 8, 4, 58, 10, '152.83', 1),
(1208, 103, 8, 4, 59, 10, '177.71', 1),
(1209, 103, 8, 4, 60, 10, '180.07', 1),
(1210, 103, 8, 4, -1, 10, '217.21', 1),
(1211, 103, 9, 3, 57, 10, '195.86', 1),
(1212, 103, 9, 3, 58, 10, '177.64', 1),
(1213, 103, 9, 3, 59, 10, '150.62', 1),
(1214, 103, 9, 3, 60, 10, '170.19', 1),
(1215, 103, 9, 3, -1, 10, '249.11', 1),
(1216, 103, 9, 4, 57, 10, '184.95', 1),
(1217, 103, 9, 4, 58, 10, '227.45', 1),
(1218, 103, 9, 4, 59, 10, '232.39', 1),
(1219, 103, 9, 4, 60, 10, '229.58', 1),
(1220, 103, 9, 4, -1, 10, '200.74', 1),
(1221, 103, 10, 3, 57, 10, '164.95', 1),
(1222, 103, 10, 3, 58, 10, '172.55', 1),
(1223, 103, 10, 3, 59, 10, '217.91', 1),
(1224, 103, 10, 3, 60, 10, '221.9', 1),
(1225, 103, 10, 3, -1, 10, '205.76', 1),
(1226, 103, 10, 4, 57, 10, '213.08', 1),
(1227, 103, 10, 4, 58, 10, '198.13', 1),
(1228, 103, 10, 4, 59, 10, '201.42', 1),
(1229, 103, 10, 4, 60, 10, '162.72', 1),
(1230, 103, 10, 4, -1, 10, '159.34', 1),
(1231, 104, 6, 3, 57, 10, '158.52', 1),
(1232, 104, 6, 3, 58, 10, '164.61', 1),
(1233, 104, 6, 3, 59, 10, '197.47', 1),
(1234, 104, 6, 3, 60, 10, '243.51', 1),
(1235, 104, 6, 3, -1, 10, '175.16', 1),
(1236, 104, 6, 4, 57, 10, '195.28', 1),
(1237, 104, 6, 4, 58, 10, '200.91', 1),
(1238, 104, 6, 4, 59, 10, '168.69', 1),
(1239, 104, 6, 4, 60, 10, '190.74', 1),
(1240, 104, 6, 4, -1, 10, '197.64', 1),
(1241, 104, 7, 3, 57, 10, '165.96', 1),
(1242, 104, 7, 3, 58, 10, '186.9', 1),
(1243, 104, 7, 3, 59, 10, '186.6', 1),
(1244, 104, 7, 3, 60, 10, '222.33', 1),
(1245, 104, 7, 3, -1, 10, '201.83', 1),
(1246, 104, 7, 4, 57, 10, '192.16', 1),
(1247, 104, 7, 4, 58, 10, '205.3', 1),
(1248, 104, 7, 4, 59, 10, '200.05', 1),
(1249, 104, 7, 4, 60, 10, '234.32', 1),
(1250, 104, 7, 4, -1, 10, '221.46', 1),
(1251, 104, 8, 3, 57, 10, '154.32', 1),
(1252, 104, 8, 3, 58, 10, '157.23', 1),
(1253, 104, 8, 3, 59, 10, '173.2', 1),
(1254, 104, 8, 3, 60, 10, '244.3', 1),
(1255, 104, 8, 3, -1, 10, '151.92', 1),
(1256, 104, 8, 4, 57, 10, '176.68', 1),
(1257, 104, 8, 4, 58, 10, '177.63', 1),
(1258, 104, 8, 4, 59, 10, '208.1', 1),
(1259, 104, 8, 4, 60, 10, '157.63', 1),
(1260, 104, 8, 4, -1, 10, '213.85', 1),
(1261, 104, 9, 3, 57, 10, '246.35', 1),
(1262, 104, 9, 3, 58, 10, '240.2', 1),
(1263, 104, 9, 3, 59, 10, '211.96', 1),
(1264, 104, 9, 3, 60, 10, '189.2', 1),
(1265, 104, 9, 3, -1, 10, '160.11', 1),
(1266, 104, 9, 4, 57, 10, '182.93', 1),
(1267, 104, 9, 4, 58, 10, '184.35', 1),
(1268, 104, 9, 4, 59, 10, '222.97', 1),
(1269, 104, 9, 4, 60, 10, '211.77', 1),
(1270, 104, 9, 4, -1, 10, '239.96', 1),
(1271, 104, 10, 3, 57, 10, '214.49', 1),
(1272, 104, 10, 3, 58, 10, '202.55', 1),
(1273, 104, 10, 3, 59, 10, '219.3', 1),
(1274, 104, 10, 3, 60, 10, '238.84', 1),
(1275, 104, 10, 3, -1, 10, '186.29', 1),
(1276, 104, 10, 4, 57, 10, '164.92', 1),
(1277, 104, 10, 4, 58, 10, '215.76', 1),
(1278, 104, 10, 4, 59, 10, '234.02', 1),
(1279, 104, 10, 4, 60, 10, '172.82', 1),
(1280, 104, 10, 4, -1, 10, '212.03', 1),
(1281, 105, 6, 3, 57, 10, '191.71', 1),
(1282, 105, 6, 3, 58, 10, '172.46', 1),
(1283, 105, 6, 3, 59, 10, '237.15', 1),
(1284, 105, 6, 3, 60, 10, '218.4', 1),
(1285, 105, 6, 3, -1, 10, '230.52', 1),
(1286, 105, 6, 4, 57, 10, '247.41', 1),
(1287, 105, 6, 4, 58, 10, '195.47', 1),
(1288, 105, 6, 4, 59, 10, '185.15', 1),
(1289, 105, 6, 4, 60, 10, '189.34', 1),
(1290, 105, 6, 4, -1, 10, '241.25', 1),
(1291, 105, 7, 3, 57, 10, '188.22', 1),
(1292, 105, 7, 3, 58, 10, '167.37', 1),
(1293, 105, 7, 3, 59, 10, '222.18', 1),
(1294, 105, 7, 3, 60, 10, '158.77', 1),
(1295, 105, 7, 3, -1, 10, '177.31', 1),
(1296, 105, 7, 4, 57, 10, '160.26', 1),
(1297, 105, 7, 4, 58, 10, '219.37', 1),
(1298, 105, 7, 4, 59, 10, '166.07', 1),
(1299, 105, 7, 4, 60, 10, '222.23', 1),
(1300, 105, 7, 4, -1, 10, '162.96', 1),
(1301, 105, 8, 3, 57, 10, '198.09', 1),
(1302, 105, 8, 3, 58, 10, '151.58', 1),
(1303, 105, 8, 3, 59, 10, '213.65', 1),
(1304, 105, 8, 3, 60, 10, '163.48', 1),
(1305, 105, 8, 3, -1, 10, '226.46', 1),
(1306, 105, 8, 4, 57, 10, '191.86', 1),
(1307, 105, 8, 4, 58, 10, '229.93', 1),
(1308, 105, 8, 4, 59, 10, '224.06', 1),
(1309, 105, 8, 4, 60, 10, '180.53', 1),
(1310, 105, 8, 4, -1, 10, '180.45', 1),
(1311, 105, 9, 3, 57, 10, '210.67', 1),
(1312, 105, 9, 3, 58, 10, '162', 1),
(1313, 105, 9, 3, 59, 10, '227.99', 1),
(1314, 105, 9, 3, 60, 10, '203.95', 1),
(1315, 105, 9, 3, -1, 10, '185.8', 1),
(1316, 105, 9, 4, 57, 10, '167.12', 1),
(1317, 105, 9, 4, 58, 10, '228.19', 1),
(1318, 105, 9, 4, 59, 10, '189.62', 1),
(1319, 105, 9, 4, 60, 10, '213.52', 1),
(1320, 105, 9, 4, -1, 10, '248.75', 1),
(1321, 105, 10, 3, 57, 10, '153.17', 1),
(1322, 105, 10, 3, 58, 10, '169.59', 1),
(1323, 105, 10, 3, 59, 10, '238.47', 1),
(1324, 105, 10, 3, 60, 10, '233.57', 1),
(1325, 105, 10, 3, -1, 10, '202.45', 1),
(1326, 105, 10, 4, 57, 10, '161.52', 1),
(1327, 105, 10, 4, 58, 10, '150.24', 1),
(1328, 105, 10, 4, 59, 10, '216.66', 1),
(1329, 105, 10, 4, 60, 10, '182.59', 1),
(1330, 105, 10, 4, -1, 10, '212.96', 1),
(1331, 106, 6, 3, 57, 10, '167.03', 1),
(1332, 106, 6, 3, 58, 10, '246.29', 1),
(1333, 106, 6, 3, 59, 10, '180.35', 1),
(1334, 106, 6, 3, 60, 10, '212.87', 1),
(1335, 106, 6, 3, -1, 10, '173.31', 1),
(1336, 106, 6, 4, 57, 10, '177.94', 1),
(1337, 106, 6, 4, 58, 10, '219.78', 1),
(1338, 106, 6, 4, 59, 10, '215.06', 1),
(1339, 106, 6, 4, 60, 10, '165.98', 1),
(1340, 106, 6, 4, -1, 10, '234.72', 1),
(1341, 106, 7, 3, 57, 10, '225.65', 1),
(1342, 106, 7, 3, 58, 10, '174.11', 1),
(1343, 106, 7, 3, 59, 10, '243.59', 1),
(1344, 106, 7, 3, 60, 10, '245.64', 1),
(1345, 106, 7, 3, -1, 10, '247.41', 1),
(1346, 106, 7, 4, 57, 10, '150.14', 1),
(1347, 106, 7, 4, 58, 10, '158.47', 1),
(1348, 106, 7, 4, 59, 10, '191.94', 1),
(1349, 106, 7, 4, 60, 10, '234.28', 1),
(1350, 106, 7, 4, -1, 10, '245.57', 1),
(1351, 106, 8, 3, 57, 10, '175.01', 1),
(1352, 106, 8, 3, 58, 10, '188.36', 1),
(1353, 106, 8, 3, 59, 10, '166.76', 1),
(1354, 106, 8, 3, 60, 10, '218.71', 1),
(1355, 106, 8, 3, -1, 10, '243.29', 1),
(1356, 106, 8, 4, 57, 10, '210.32', 1),
(1357, 106, 8, 4, 58, 10, '171.71', 1),
(1358, 106, 8, 4, 59, 10, '177.6', 1),
(1359, 106, 8, 4, 60, 10, '222.86', 1),
(1360, 106, 8, 4, -1, 10, '231.51', 1),
(1361, 106, 9, 3, 57, 10, '238.98', 1),
(1362, 106, 9, 3, 58, 10, '150.38', 1),
(1363, 106, 9, 3, 59, 10, '184.94', 1),
(1364, 106, 9, 3, 60, 10, '223.54', 1),
(1365, 106, 9, 3, -1, 10, '212.92', 1),
(1366, 106, 9, 4, 57, 10, '243.95', 1);
INSERT INTO `producto_combinaciones` (`id`, `tipo_id`, `color_id`, `material_id`, `agregado_id`, `stock`, `precioU`, `activo`) VALUES
(1367, 106, 9, 4, 58, 10, '231.01', 1),
(1368, 106, 9, 4, 59, 10, '173.21', 1),
(1369, 106, 9, 4, 60, 10, '223.01', 1),
(1370, 106, 9, 4, -1, 10, '245.42', 1),
(1371, 106, 10, 3, 57, 10, '208.06', 1),
(1372, 106, 10, 3, 58, 10, '154.03', 1),
(1373, 106, 10, 3, 59, 10, '195.98', 1),
(1374, 106, 10, 3, 60, 10, '167.82', 1),
(1375, 106, 10, 3, -1, 10, '201.14', 1),
(1376, 106, 10, 4, 57, 10, '152.24', 1),
(1377, 106, 10, 4, 58, 10, '207.77', 1),
(1378, 106, 10, 4, 59, 10, '232.13', 1),
(1379, 106, 10, 4, 60, 10, '187.36', 1),
(1380, 106, 10, 4, -1, 10, '190.42', 1),
(1381, 107, 6, 3, 57, 10, '239.99', 1),
(1382, 107, 6, 3, 58, 10, '178.71', 1),
(1383, 107, 6, 3, 59, 10, '223.57', 1),
(1384, 107, 6, 3, 60, 10, '231.74', 1),
(1385, 107, 6, 3, -1, 10, '237.99', 1),
(1386, 107, 6, 4, 57, 10, '244.74', 1),
(1387, 107, 6, 4, 58, 10, '159.7', 1),
(1388, 107, 6, 4, 59, 10, '214.3', 1),
(1389, 107, 6, 4, 60, 10, '242.38', 1),
(1390, 107, 6, 4, -1, 10, '219.02', 1),
(1391, 107, 7, 3, 57, 10, '217.97', 1),
(1392, 107, 7, 3, 58, 10, '182.77', 1),
(1393, 107, 7, 3, 59, 10, '209.92', 1),
(1394, 107, 7, 3, 60, 10, '151.33', 1),
(1395, 107, 7, 3, -1, 10, '176.87', 1),
(1396, 107, 7, 4, 57, 10, '180.35', 1),
(1397, 107, 7, 4, 58, 10, '221.14', 1),
(1398, 107, 7, 4, 59, 10, '214.67', 1),
(1399, 107, 7, 4, 60, 10, '159.93', 1),
(1400, 107, 7, 4, -1, 10, '205.65', 1),
(1401, 107, 8, 3, 57, 10, '198.47', 1),
(1402, 107, 8, 3, 58, 10, '225.37', 1),
(1403, 107, 8, 3, 59, 10, '181.45', 1),
(1404, 107, 8, 3, 60, 10, '181.16', 1),
(1405, 107, 8, 3, -1, 10, '211.43', 1),
(1406, 107, 8, 4, 57, 10, '163.67', 1),
(1407, 107, 8, 4, 58, 10, '234.04', 1),
(1408, 107, 8, 4, 59, 10, '229.22', 1),
(1409, 107, 8, 4, 60, 10, '193.95', 1),
(1410, 107, 8, 4, -1, 10, '232.12', 1),
(1411, 107, 9, 3, 57, 10, '228.75', 1),
(1412, 107, 9, 3, 58, 10, '197.39', 1),
(1413, 107, 9, 3, 59, 10, '150.7', 1),
(1414, 107, 9, 3, 60, 10, '211.32', 1),
(1415, 107, 9, 3, -1, 10, '154.49', 1),
(1416, 107, 9, 4, 57, 10, '188.48', 1),
(1417, 107, 9, 4, 58, 10, '228.96', 1),
(1418, 107, 9, 4, 59, 10, '229.34', 1),
(1419, 107, 9, 4, 60, 10, '209.83', 1),
(1420, 107, 9, 4, -1, 10, '211.12', 1),
(1421, 107, 10, 3, 57, 10, '176.12', 1),
(1422, 107, 10, 3, 58, 10, '197.25', 1),
(1423, 107, 10, 3, 59, 10, '207.87', 1),
(1424, 107, 10, 3, 60, 10, '197.6', 1),
(1425, 107, 10, 3, -1, 10, '214.42', 1),
(1426, 107, 10, 4, 57, 10, '229.27', 1),
(1427, 107, 10, 4, 58, 10, '153.09', 1),
(1428, 107, 10, 4, 59, 10, '227.63', 1),
(1429, 107, 10, 4, 60, 10, '228.88', 1),
(1430, 107, 10, 4, -1, 10, '211.54', 1),
(1431, 108, 6, 3, 57, 10, '221.03', 1),
(1432, 108, 6, 3, 58, 10, '220.53', 1),
(1433, 108, 6, 3, 59, 10, '189.57', 1),
(1434, 108, 6, 3, 60, 10, '236.28', 1),
(1435, 108, 6, 3, -1, 10, '162.67', 1),
(1436, 108, 6, 4, 57, 10, '154.51', 1),
(1437, 108, 6, 4, 58, 10, '234.56', 1),
(1438, 108, 6, 4, 59, 10, '159.25', 1),
(1439, 108, 6, 4, 60, 10, '242.59', 1),
(1440, 108, 6, 4, -1, 10, '185.19', 1),
(1441, 108, 7, 3, 57, 10, '248.16', 1),
(1442, 108, 7, 3, 58, 10, '235.25', 1),
(1443, 108, 7, 3, 59, 10, '181.78', 1),
(1444, 108, 7, 3, 60, 10, '153.13', 1),
(1445, 108, 7, 3, -1, 10, '170.34', 1),
(1446, 108, 7, 4, 57, 10, '242.28', 1),
(1447, 108, 7, 4, 58, 10, '150.38', 1),
(1448, 108, 7, 4, 59, 10, '175.07', 1),
(1449, 108, 7, 4, 60, 10, '174.19', 1),
(1450, 108, 7, 4, -1, 10, '195.77', 1),
(1451, 108, 8, 3, 57, 10, '206.25', 1),
(1452, 108, 8, 3, 58, 10, '193.95', 1),
(1453, 108, 8, 3, 59, 10, '200.99', 1),
(1454, 108, 8, 3, 60, 10, '173.11', 1),
(1455, 108, 8, 3, -1, 10, '212.59', 1),
(1456, 108, 8, 4, 57, 10, '193.6', 1),
(1457, 108, 8, 4, 58, 10, '180.24', 1),
(1458, 108, 8, 4, 59, 10, '170.38', 1),
(1459, 108, 8, 4, 60, 10, '161.19', 1),
(1460, 108, 8, 4, -1, 10, '244.81', 1),
(1461, 108, 9, 3, 57, 10, '190.46', 1),
(1462, 108, 9, 3, 58, 10, '167.9', 1),
(1463, 108, 9, 3, 59, 10, '218.1', 1),
(1464, 108, 9, 3, 60, 10, '236.83', 1),
(1465, 108, 9, 3, -1, 10, '179.82', 1),
(1466, 108, 9, 4, 57, 10, '238.61', 1),
(1467, 108, 9, 4, 58, 10, '203.61', 1),
(1468, 108, 9, 4, 59, 10, '152.19', 1),
(1469, 108, 9, 4, 60, 10, '200.14', 1),
(1470, 108, 9, 4, -1, 10, '194.12', 1),
(1471, 108, 10, 3, 57, 10, '220.17', 1),
(1472, 108, 10, 3, 58, 10, '168.48', 1),
(1473, 108, 10, 3, 59, 10, '231.91', 1),
(1474, 108, 10, 3, 60, 10, '204.12', 1),
(1475, 108, 10, 3, -1, 10, '174.87', 1),
(1476, 108, 10, 4, 57, 10, '211.99', 1),
(1477, 108, 10, 4, 58, 10, '185.33', 1),
(1478, 108, 10, 4, 59, 10, '240.67', 1),
(1479, 108, 10, 4, 60, 10, '197.35', 1),
(1480, 108, 10, 4, -1, 10, '214.75', 1),
(1481, 109, 6, 3, 57, 10, '231.72', 1),
(1482, 109, 6, 3, 58, 10, '164.34', 1),
(1483, 109, 6, 3, 59, 10, '176.56', 1),
(1484, 109, 6, 3, 60, 10, '239.75', 1),
(1485, 109, 6, 3, -1, 10, '219.07', 1),
(1486, 109, 6, 4, 57, 10, '226.09', 1),
(1487, 109, 6, 4, 58, 10, '223.26', 1),
(1488, 109, 6, 4, 59, 10, '188.04', 1),
(1489, 109, 6, 4, 60, 10, '220.4', 1),
(1490, 109, 6, 4, -1, 10, '187.89', 1),
(1491, 109, 7, 3, 57, 10, '228.27', 1),
(1492, 109, 7, 3, 58, 10, '227.65', 1),
(1493, 109, 7, 3, 59, 10, '203.47', 1),
(1494, 109, 7, 3, 60, 10, '184.39', 1),
(1495, 109, 7, 3, -1, 10, '161.52', 1),
(1496, 109, 7, 4, 57, 10, '204.43', 1),
(1497, 109, 7, 4, 58, 10, '187.62', 1),
(1498, 109, 7, 4, 59, 10, '174.78', 1),
(1499, 109, 7, 4, 60, 10, '161.05', 1),
(1500, 109, 7, 4, -1, 10, '230.89', 1),
(1501, 109, 8, 3, 57, 10, '221.33', 1),
(1502, 109, 8, 3, 58, 10, '163.96', 1),
(1503, 109, 8, 3, 59, 10, '205.82', 1),
(1504, 109, 8, 3, 60, 10, '187.2', 1),
(1505, 109, 8, 3, -1, 10, '168.55', 1),
(1506, 109, 8, 4, 57, 10, '231.17', 1),
(1507, 109, 8, 4, 58, 10, '200.18', 1),
(1508, 109, 8, 4, 59, 10, '157.4', 1),
(1509, 109, 8, 4, 60, 10, '236.46', 1),
(1510, 109, 8, 4, -1, 10, '160.11', 1),
(1511, 109, 9, 3, 57, 10, '241.14', 1),
(1512, 109, 9, 3, 58, 10, '175.4', 1),
(1513, 109, 9, 3, 59, 10, '203.55', 1),
(1514, 109, 9, 3, 60, 10, '241.57', 1),
(1515, 109, 9, 3, -1, 10, '247.19', 1),
(1516, 109, 9, 4, 57, 10, '161.25', 1),
(1517, 109, 9, 4, 58, 10, '214.68', 1),
(1518, 109, 9, 4, 59, 10, '239.63', 1),
(1519, 109, 9, 4, 60, 10, '204.13', 1),
(1520, 109, 9, 4, -1, 10, '151.77', 1),
(1521, 109, 10, 3, 57, 10, '196.46', 1),
(1522, 109, 10, 3, 58, 10, '176.97', 1),
(1523, 109, 10, 3, 59, 10, '245.46', 1),
(1524, 109, 10, 3, 60, 10, '246.41', 1),
(1525, 109, 10, 3, -1, 10, '245.66', 1),
(1526, 109, 10, 4, 57, 10, '239.09', 1),
(1527, 109, 10, 4, 58, 10, '208.44', 1),
(1528, 109, 10, 4, 59, 10, '174.96', 1),
(1529, 109, 10, 4, 60, 10, '199.47', 1),
(1530, 109, 10, 4, -1, 10, '222.46', 1),
(1531, 110, 6, 3, 57, 10, '163.91', 1),
(1532, 110, 6, 3, 58, 10, '202.17', 1),
(1533, 110, 6, 3, 59, 10, '169.1', 1),
(1534, 110, 6, 3, 60, 10, '188.99', 1),
(1535, 110, 6, 3, -1, 10, '187.65', 1),
(1536, 110, 6, 4, 57, 10, '221.3', 1),
(1537, 110, 6, 4, 58, 10, '193.53', 1),
(1538, 110, 6, 4, 59, 10, '153.74', 1),
(1539, 110, 6, 4, 60, 10, '238.12', 1),
(1540, 110, 6, 4, -1, 10, '179.39', 1),
(1541, 110, 7, 3, 57, 10, '232.6', 1),
(1542, 110, 7, 3, 58, 10, '174.81', 1),
(1543, 110, 7, 3, 59, 10, '226.26', 1),
(1544, 110, 7, 3, 60, 10, '156.88', 1),
(1545, 110, 7, 3, -1, 10, '155.61', 1),
(1546, 110, 7, 4, 57, 10, '157.4', 1),
(1547, 110, 7, 4, 58, 10, '170.16', 1),
(1548, 110, 7, 4, 59, 10, '228.63', 1),
(1549, 110, 7, 4, 60, 10, '182.64', 1),
(1550, 110, 7, 4, -1, 10, '177.33', 1),
(1551, 110, 8, 3, 57, 10, '188.72', 1),
(1552, 110, 8, 3, 58, 10, '161.63', 1),
(1553, 110, 8, 3, 59, 10, '192', 1),
(1554, 110, 8, 3, 60, 10, '225.08', 1),
(1555, 110, 8, 3, -1, 10, '199.43', 1),
(1556, 110, 8, 4, 57, 10, '171.9', 1),
(1557, 110, 8, 4, 58, 10, '211.21', 1),
(1558, 110, 8, 4, 59, 10, '190.35', 1),
(1559, 110, 8, 4, 60, 10, '168.13', 1),
(1560, 110, 8, 4, -1, 10, '219.58', 1),
(1561, 110, 9, 3, 57, 10, '243.51', 1),
(1562, 110, 9, 3, 58, 10, '208.83', 1),
(1563, 110, 9, 3, 59, 10, '163.6', 1),
(1564, 110, 9, 3, 60, 10, '241.52', 1),
(1565, 110, 9, 3, -1, 10, '166.81', 1),
(1566, 110, 9, 4, 57, 10, '159.48', 1),
(1567, 110, 9, 4, 58, 10, '246.96', 1),
(1568, 110, 9, 4, 59, 10, '206.37', 1),
(1569, 110, 9, 4, 60, 10, '240.98', 1),
(1570, 110, 9, 4, -1, 10, '235.79', 1),
(1571, 110, 10, 3, 57, 10, '206', 1),
(1572, 110, 10, 3, 58, 10, '172.64', 1),
(1573, 110, 10, 3, 59, 10, '195.17', 1),
(1574, 110, 10, 3, 60, 10, '207.97', 1),
(1575, 110, 10, 3, -1, 10, '204.31', 1),
(1576, 110, 10, 4, 57, 10, '247.65', 1),
(1577, 110, 10, 4, 58, 10, '175.3', 1),
(1578, 110, 10, 4, 59, 10, '183.56', 1),
(1579, 110, 10, 4, 60, 10, '241.89', 1),
(1580, 110, 10, 4, -1, 10, '208.79', 1),
(1581, 111, 6, 3, 77, 10, '168.27', 1),
(1582, 111, 6, 3, 78, 10, '164.96', 1),
(1583, 111, 6, 3, 79, 10, '170.02', 1),
(1584, 111, 6, 3, 80, 10, '205.22', 1),
(1585, 111, 6, 3, -1, 10, '166.02', 1),
(1586, 111, 6, 4, 77, 10, '164.45', 1),
(1587, 111, 6, 4, 78, 10, '174.21', 1),
(1588, 111, 6, 4, 79, 10, '227.67', 1),
(1589, 111, 6, 4, 80, 10, '165.72', 1),
(1590, 111, 6, 4, -1, 10, '195.6', 1),
(1591, 111, 7, 3, 77, 10, '230.83', 1),
(1592, 111, 7, 3, 78, 10, '217.34', 1),
(1593, 111, 7, 3, 79, 10, '244.22', 1),
(1594, 111, 7, 3, 80, 10, '219.07', 1),
(1595, 111, 7, 3, -1, 10, '212.7', 1),
(1596, 111, 7, 4, 77, 10, '156.28', 1),
(1597, 111, 7, 4, 78, 10, '193.31', 1),
(1598, 111, 7, 4, 79, 10, '247.72', 1),
(1599, 111, 7, 4, 80, 10, '208.66', 1),
(1600, 111, 7, 4, -1, 10, '150.13', 1),
(1601, 111, 8, 3, 77, 10, '174.69', 1),
(1602, 111, 8, 3, 78, 10, '173.05', 1),
(1603, 111, 8, 3, 79, 10, '191.2', 1),
(1604, 111, 8, 3, 80, 10, '186.82', 1),
(1605, 111, 8, 3, -1, 10, '210.51', 1),
(1606, 111, 8, 4, 77, 10, '242.1', 1),
(1607, 111, 8, 4, 78, 10, '228.98', 1),
(1608, 111, 8, 4, 79, 10, '168.57', 1),
(1609, 111, 8, 4, 80, 10, '205.93', 1),
(1610, 111, 8, 4, -1, 10, '173.96', 1),
(1611, 111, 9, 3, 77, 10, '201.98', 1),
(1612, 111, 9, 3, 78, 10, '238.02', 1),
(1613, 111, 9, 3, 79, 10, '234.17', 1),
(1614, 111, 9, 3, 80, 10, '206.79', 1),
(1615, 111, 9, 3, -1, 10, '181.42', 1),
(1616, 111, 9, 4, 77, 10, '236.75', 1),
(1617, 111, 9, 4, 78, 10, '189.49', 1),
(1618, 111, 9, 4, 79, 10, '187.21', 1),
(1619, 111, 9, 4, 80, 10, '217.58', 1),
(1620, 111, 9, 4, -1, 10, '176.27', 1),
(1621, 111, 10, 3, 77, 10, '178.61', 1),
(1622, 111, 10, 3, 78, 10, '214.24', 1),
(1623, 111, 10, 3, 79, 10, '185.36', 1),
(1624, 111, 10, 3, 80, 10, '234.1', 1),
(1625, 111, 10, 3, -1, 10, '164.4', 1),
(1626, 111, 10, 4, 77, 10, '169.71', 1),
(1627, 111, 10, 4, 78, 10, '205.34', 1),
(1628, 111, 10, 4, 79, 10, '167.57', 1),
(1629, 111, 10, 4, 80, 10, '171.83', 1),
(1630, 111, 10, 4, -1, 10, '206.46', 1),
(1631, 112, 6, 3, -1, 10, '166.78', 1),
(1632, 112, 6, 4, -1, 10, '164.54', 1),
(1633, 112, 7, 3, -1, 10, '172.35', 1),
(1634, 112, 7, 4, -1, 10, '218.13', 1),
(1635, 112, 8, 3, -1, 10, '223.62', 1),
(1636, 112, 8, 4, -1, 10, '213.71', 1),
(1637, 112, 9, 3, -1, 10, '247.66', 1),
(1638, 112, 9, 4, -1, 10, '247.2', 1),
(1639, 112, 10, 3, -1, 10, '243.03', 1),
(1640, 112, 10, 4, -1, 10, '223.53', 1),
(1641, 113, 6, 3, -1, 10, '238.58', 1),
(1642, 113, 6, 4, -1, 10, '172.3', 1),
(1643, 113, 7, 3, -1, 10, '195.75', 1),
(1644, 113, 7, 4, -1, 10, '211.84', 1),
(1645, 113, 8, 3, -1, 10, '221.96', 1),
(1646, 113, 8, 4, -1, 10, '224.3', 1),
(1647, 113, 9, 3, -1, 10, '205.6', 1),
(1648, 113, 9, 4, -1, 10, '205.11', 1),
(1649, 113, 10, 3, -1, 10, '158.73', 1),
(1650, 113, 10, 4, -1, 10, '228.33', 1),
(1651, 114, 6, 3, -1, 10, '215.44', 1),
(1652, 114, 6, 4, -1, 10, '242.24', 1),
(1653, 114, 7, 3, -1, 10, '214.87', 1),
(1654, 114, 7, 4, -1, 10, '197.63', 1),
(1655, 114, 8, 3, -1, 10, '193.53', 1),
(1656, 114, 8, 4, -1, 10, '224.78', 1),
(1657, 114, 9, 3, -1, 10, '193.3', 1),
(1658, 114, 9, 4, -1, 10, '242.15', 1),
(1659, 114, 10, 3, -1, 10, '180.85', 1),
(1660, 114, 10, 4, -1, 10, '227.8', 1),
(1661, 115, 6, 3, -1, 10, '246.44', 1),
(1662, 115, 6, 4, -1, 10, '198.81', 1),
(1663, 115, 7, 3, -1, 10, '204.73', 1),
(1664, 115, 7, 4, -1, 10, '177.2', 1),
(1665, 115, 8, 3, -1, 10, '221.84', 1),
(1666, 115, 8, 4, -1, 10, '227.58', 1),
(1667, 115, 9, 3, -1, 10, '222.4', 1),
(1668, 115, 9, 4, -1, 10, '179.25', 1),
(1669, 115, 10, 3, -1, 10, '179.07', 1),
(1670, 115, 10, 4, -1, 10, '207.57', 1),
(1671, 116, 6, 3, 61, 10, '150.67', 1),
(1672, 116, 6, 3, 62, 10, '180.61', 1),
(1673, 116, 6, 3, 63, 10, '201.06', 1),
(1674, 116, 6, 3, 64, 10, '213.47', 1),
(1675, 116, 6, 3, -1, 10, '214.18', 1),
(1676, 116, 6, 4, 61, 10, '180.48', 1),
(1677, 116, 6, 4, 62, 10, '209.86', 1),
(1678, 116, 6, 4, 63, 10, '157.87', 1),
(1679, 116, 6, 4, 64, 10, '209.76', 1),
(1680, 116, 6, 4, -1, 10, '225.2', 1),
(1681, 116, 7, 3, 61, 10, '246.69', 1),
(1682, 116, 7, 3, 62, 10, '207.89', 1),
(1683, 116, 7, 3, 63, 10, '249.35', 1),
(1684, 116, 7, 3, 64, 10, '173.11', 1),
(1685, 116, 7, 3, -1, 10, '167.48', 1),
(1686, 116, 7, 4, 61, 10, '168.09', 1),
(1687, 116, 7, 4, 62, 10, '187.98', 1),
(1688, 116, 7, 4, 63, 10, '185.63', 1),
(1689, 116, 7, 4, 64, 10, '214.24', 1),
(1690, 116, 7, 4, -1, 10, '164.29', 1),
(1691, 116, 8, 3, 61, 10, '228.75', 1),
(1692, 116, 8, 3, 62, 10, '200.89', 1),
(1693, 116, 8, 3, 63, 10, '168.18', 1),
(1694, 116, 8, 3, 64, 10, '188.23', 1),
(1695, 116, 8, 3, -1, 10, '186.6', 1),
(1696, 116, 8, 4, 61, 10, '218.32', 1),
(1697, 116, 8, 4, 62, 10, '181.81', 1),
(1698, 116, 8, 4, 63, 10, '204.1', 1),
(1699, 116, 8, 4, 64, 10, '225.07', 1),
(1700, 116, 8, 4, -1, 10, '163.04', 1),
(1701, 116, 9, 3, 61, 10, '190.01', 1),
(1702, 116, 9, 3, 62, 10, '210.92', 1),
(1703, 116, 9, 3, 63, 10, '234.56', 1),
(1704, 116, 9, 3, 64, 10, '190.04', 1),
(1705, 116, 9, 3, -1, 10, '196.52', 1),
(1706, 116, 9, 4, 61, 10, '162.5', 1),
(1707, 116, 9, 4, 62, 10, '172.91', 1),
(1708, 116, 9, 4, 63, 10, '227.07', 1),
(1709, 116, 9, 4, 64, 10, '166.59', 1),
(1710, 116, 9, 4, -1, 10, '201.78', 1),
(1711, 116, 10, 3, 61, 10, '159.1', 1),
(1712, 116, 10, 3, 62, 10, '240.17', 1),
(1713, 116, 10, 3, 63, 10, '173.57', 1),
(1714, 116, 10, 3, 64, 10, '197.32', 1),
(1715, 116, 10, 3, -1, 10, '215.91', 1),
(1716, 116, 10, 4, 61, 10, '237.58', 1),
(1717, 116, 10, 4, 62, 10, '190.15', 1),
(1718, 116, 10, 4, 63, 10, '188.01', 1),
(1719, 116, 10, 4, 64, 10, '219.63', 1),
(1720, 116, 10, 4, -1, 10, '184.1', 1),
(1721, 117, 6, 3, -1, 10, '211.6', 1),
(1722, 117, 6, 4, -1, 10, '155.72', 1),
(1723, 117, 7, 3, -1, 10, '193.79', 1),
(1724, 117, 7, 4, -1, 10, '151.81', 1),
(1725, 117, 8, 3, -1, 10, '227.66', 1),
(1726, 117, 8, 4, -1, 10, '232.88', 1),
(1727, 117, 9, 3, -1, 10, '231.4', 1),
(1728, 117, 9, 4, -1, 10, '208.37', 1),
(1729, 117, 10, 3, -1, 10, '197.66', 1),
(1730, 117, 10, 4, -1, 10, '213.2', 1),
(1731, 118, 6, 3, 61, 10, '223.01', 1),
(1732, 118, 6, 3, 62, 10, '225.45', 1),
(1733, 118, 6, 3, 63, 10, '208.21', 1),
(1734, 118, 6, 3, 64, 10, '214.7', 1),
(1735, 118, 6, 3, -1, 10, '198.85', 1),
(1736, 118, 6, 4, 61, 10, '200.18', 1),
(1737, 118, 6, 4, 62, 10, '154.36', 1),
(1738, 118, 6, 4, 63, 10, '221.24', 1),
(1739, 118, 6, 4, 64, 10, '193.14', 1),
(1740, 118, 6, 4, -1, 10, '151.97', 1),
(1741, 118, 7, 3, 61, 10, '230.41', 1),
(1742, 118, 7, 3, 62, 10, '246.16', 1),
(1743, 118, 7, 3, 63, 10, '189.55', 1),
(1744, 118, 7, 3, 64, 10, '159.28', 1),
(1745, 118, 7, 3, -1, 10, '177.74', 1),
(1746, 118, 7, 4, 61, 10, '160.85', 1),
(1747, 118, 7, 4, 62, 10, '221.05', 1),
(1748, 118, 7, 4, 63, 10, '172.71', 1),
(1749, 118, 7, 4, 64, 10, '150.37', 1),
(1750, 118, 7, 4, -1, 10, '183.73', 1),
(1751, 118, 8, 3, 61, 10, '217.56', 1),
(1752, 118, 8, 3, 62, 10, '186.58', 1),
(1753, 118, 8, 3, 63, 10, '230.23', 1),
(1754, 118, 8, 3, 64, 10, '241.42', 1),
(1755, 118, 8, 3, -1, 10, '166.39', 1),
(1756, 118, 8, 4, 61, 10, '157.71', 1),
(1757, 118, 8, 4, 62, 10, '239.39', 1),
(1758, 118, 8, 4, 63, 10, '173.8', 1),
(1759, 118, 8, 4, 64, 10, '200.86', 1),
(1760, 118, 8, 4, -1, 10, '232.87', 1),
(1761, 118, 9, 3, 61, 10, '211.78', 1),
(1762, 118, 9, 3, 62, 10, '210.27', 1),
(1763, 118, 9, 3, 63, 10, '166.02', 1),
(1764, 118, 9, 3, 64, 10, '249.31', 1),
(1765, 118, 9, 3, -1, 10, '198.49', 1),
(1766, 118, 9, 4, 61, 10, '194.51', 1),
(1767, 118, 9, 4, 62, 10, '227.09', 1),
(1768, 118, 9, 4, 63, 10, '201.91', 1),
(1769, 118, 9, 4, 64, 10, '178.3', 1),
(1770, 118, 9, 4, -1, 10, '235.75', 1),
(1771, 118, 10, 3, 61, 10, '193.84', 1),
(1772, 118, 10, 3, 62, 10, '211.97', 1),
(1773, 118, 10, 3, 63, 10, '228.31', 1),
(1774, 118, 10, 3, 64, 10, '155.66', 1),
(1775, 118, 10, 3, -1, 10, '243.35', 1),
(1776, 118, 10, 4, 61, 10, '199.79', 1),
(1777, 118, 10, 4, 62, 10, '218.87', 1),
(1778, 118, 10, 4, 63, 10, '245.01', 1),
(1779, 118, 10, 4, 64, 10, '218.42', 1),
(1780, 118, 10, 4, -1, 10, '207.09', 1),
(1781, 119, 6, 3, 61, 10, '230.18', 1),
(1782, 119, 6, 3, 62, 10, '179.62', 1),
(1783, 119, 6, 3, 63, 10, '157.57', 1),
(1784, 119, 6, 3, 64, 10, '198.99', 1),
(1785, 119, 6, 3, -1, 10, '172.26', 1),
(1786, 119, 6, 4, 61, 10, '214.3', 1),
(1787, 119, 6, 4, 62, 10, '204.74', 1),
(1788, 119, 6, 4, 63, 10, '230.78', 1),
(1789, 119, 6, 4, 64, 10, '189.71', 1),
(1790, 119, 6, 4, -1, 10, '206.18', 1),
(1791, 119, 7, 3, 61, 10, '211.77', 1),
(1792, 119, 7, 3, 62, 10, '190.33', 1),
(1793, 119, 7, 3, 63, 10, '166.35', 1),
(1794, 119, 7, 3, 64, 10, '210.73', 1),
(1795, 119, 7, 3, -1, 10, '204.62', 1),
(1796, 119, 7, 4, 61, 10, '240.91', 1),
(1797, 119, 7, 4, 62, 10, '240.69', 1),
(1798, 119, 7, 4, 63, 10, '230.7', 1),
(1799, 119, 7, 4, 64, 10, '181.43', 1),
(1800, 119, 7, 4, -1, 10, '165.04', 1),
(1801, 119, 8, 3, 61, 10, '230.94', 1),
(1802, 119, 8, 3, 62, 10, '209.55', 1),
(1803, 119, 8, 3, 63, 10, '204.95', 1),
(1804, 119, 8, 3, 64, 10, '246.07', 1),
(1805, 119, 8, 3, -1, 10, '165.53', 1),
(1806, 119, 8, 4, 61, 10, '239.45', 1),
(1807, 119, 8, 4, 62, 10, '150.63', 1),
(1808, 119, 8, 4, 63, 10, '184.83', 1),
(1809, 119, 8, 4, 64, 10, '222.23', 1),
(1810, 119, 8, 4, -1, 10, '206.65', 1),
(1811, 119, 9, 3, 61, 10, '216.59', 1),
(1812, 119, 9, 3, 62, 10, '213', 1),
(1813, 119, 9, 3, 63, 10, '165.23', 1),
(1814, 119, 9, 3, 64, 10, '237.16', 1),
(1815, 119, 9, 3, -1, 10, '240.11', 1),
(1816, 119, 9, 4, 61, 10, '239.06', 1),
(1817, 119, 9, 4, 62, 10, '224.96', 1),
(1818, 119, 9, 4, 63, 10, '157.63', 1),
(1819, 119, 9, 4, 64, 10, '163.28', 1),
(1820, 119, 9, 4, -1, 10, '193.49', 1),
(1821, 119, 10, 3, 61, 10, '227.6', 1),
(1822, 119, 10, 3, 62, 10, '207.56', 1),
(1823, 119, 10, 3, 63, 10, '205.01', 1),
(1824, 119, 10, 3, 64, 10, '152.33', 1),
(1825, 119, 10, 3, -1, 10, '196.65', 1),
(1826, 119, 10, 4, 61, 10, '176.26', 1),
(1827, 119, 10, 4, 62, 10, '241.36', 1),
(1828, 119, 10, 4, 63, 10, '227.99', 1),
(1829, 119, 10, 4, 64, 10, '165.89', 1),
(1830, 119, 10, 4, -1, 10, '195.48', 1),
(1831, 120, 6, 3, 61, 10, '229.73', 1),
(1832, 120, 6, 3, 62, 10, '212.2', 1),
(1833, 120, 6, 3, 63, 10, '221.83', 1),
(1834, 120, 6, 3, 64, 10, '222.56', 1),
(1835, 120, 6, 3, -1, 10, '197.3', 1),
(1836, 120, 6, 4, 61, 10, '168.81', 1),
(1837, 120, 6, 4, 62, 10, '202.17', 1),
(1838, 120, 6, 4, 63, 10, '154.4', 1),
(1839, 120, 6, 4, 64, 10, '215.49', 1),
(1840, 120, 6, 4, -1, 10, '164.25', 1),
(1841, 120, 7, 3, 61, 10, '224.77', 1),
(1842, 120, 7, 3, 62, 10, '181.11', 1),
(1843, 120, 7, 3, 63, 10, '181.23', 1),
(1844, 120, 7, 3, 64, 10, '212.81', 1),
(1845, 120, 7, 3, -1, 10, '170.36', 1),
(1846, 120, 7, 4, 61, 10, '163.4', 1),
(1847, 120, 7, 4, 62, 10, '155.89', 1),
(1848, 120, 7, 4, 63, 10, '239.27', 1),
(1849, 120, 7, 4, 64, 10, '178.66', 1),
(1850, 120, 7, 4, -1, 10, '225.49', 1),
(1851, 120, 8, 3, 61, 10, '241.5', 1),
(1852, 120, 8, 3, 62, 10, '180.99', 1),
(1853, 120, 8, 3, 63, 10, '230.48', 1),
(1854, 120, 8, 3, 64, 10, '159.43', 1),
(1855, 120, 8, 3, -1, 10, '155.69', 1),
(1856, 120, 8, 4, 61, 10, '150.19', 1),
(1857, 120, 8, 4, 62, 10, '233.86', 1),
(1858, 120, 8, 4, 63, 10, '168.73', 1),
(1859, 120, 8, 4, 64, 10, '192.06', 1),
(1860, 120, 8, 4, -1, 10, '204.12', 1),
(1861, 120, 9, 3, 61, 10, '194.42', 1),
(1862, 120, 9, 3, 62, 10, '209.75', 1),
(1863, 120, 9, 3, 63, 10, '215.48', 1),
(1864, 120, 9, 3, 64, 10, '198.16', 1),
(1865, 120, 9, 3, -1, 10, '194.34', 1),
(1866, 120, 9, 4, 61, 10, '227.22', 1),
(1867, 120, 9, 4, 62, 10, '203.07', 1),
(1868, 120, 9, 4, 63, 10, '183.72', 1),
(1869, 120, 9, 4, 64, 10, '159.39', 1),
(1870, 120, 9, 4, -1, 10, '195.79', 1),
(1871, 120, 10, 3, 61, 10, '150.77', 1),
(1872, 120, 10, 3, 62, 10, '216.47', 1),
(1873, 120, 10, 3, 63, 10, '180.06', 1),
(1874, 120, 10, 3, 64, 10, '200.87', 1),
(1875, 120, 10, 3, -1, 10, '214.17', 1),
(1876, 120, 10, 4, 61, 10, '218.26', 1),
(1877, 120, 10, 4, 62, 10, '198.76', 1),
(1878, 120, 10, 4, 63, 10, '189.05', 1),
(1879, 120, 10, 4, 64, 10, '198.98', 1),
(1880, 120, 10, 4, -1, 10, '177.73', 1),
(1881, 121, 6, 3, 77, 10, '241.69', 1),
(1882, 121, 6, 3, 78, 10, '225.29', 1),
(1883, 121, 6, 3, 79, 10, '151.38', 1),
(1884, 121, 6, 3, 80, 10, '231.02', 1),
(1885, 121, 6, 3, -1, 10, '150.94', 1),
(1886, 121, 6, 4, 77, 10, '211.66', 1),
(1887, 121, 6, 4, 78, 10, '155.48', 1),
(1888, 121, 6, 4, 79, 10, '192.41', 1),
(1889, 121, 6, 4, 80, 10, '245.64', 1),
(1890, 121, 6, 4, -1, 10, '200.93', 1),
(1891, 121, 7, 3, 77, 10, '217.76', 1),
(1892, 121, 7, 3, 78, 10, '235.98', 1),
(1893, 121, 7, 3, 79, 10, '176.64', 1),
(1894, 121, 7, 3, 80, 10, '225.24', 1),
(1895, 121, 7, 3, -1, 10, '246.3', 1),
(1896, 121, 7, 4, 77, 10, '205.78', 1),
(1897, 121, 7, 4, 78, 10, '239.99', 1),
(1898, 121, 7, 4, 79, 10, '232.59', 1),
(1899, 121, 7, 4, 80, 10, '193.01', 1),
(1900, 121, 7, 4, -1, 10, '217.26', 1),
(1901, 121, 8, 3, 77, 10, '157.29', 1),
(1902, 121, 8, 3, 78, 10, '184.66', 1),
(1903, 121, 8, 3, 79, 10, '201.44', 1),
(1904, 121, 8, 3, 80, 10, '203.19', 1),
(1905, 121, 8, 3, -1, 10, '161.66', 1),
(1906, 121, 8, 4, 77, 10, '248.72', 1),
(1907, 121, 8, 4, 78, 10, '208.6', 1),
(1908, 121, 8, 4, 79, 10, '246.85', 1),
(1909, 121, 8, 4, 80, 10, '158.47', 1),
(1910, 121, 8, 4, -1, 10, '201.78', 1),
(1911, 121, 9, 3, 77, 10, '183.48', 1),
(1912, 121, 9, 3, 78, 10, '162.08', 1),
(1913, 121, 9, 3, 79, 10, '209.95', 1),
(1914, 121, 9, 3, 80, 10, '213.5', 1),
(1915, 121, 9, 3, -1, 10, '187.67', 1),
(1916, 121, 9, 4, 77, 10, '247.85', 1),
(1917, 121, 9, 4, 78, 10, '226.23', 1),
(1918, 121, 9, 4, 79, 10, '237.61', 1),
(1919, 121, 9, 4, 80, 10, '159.37', 1),
(1920, 121, 9, 4, -1, 10, '234.03', 1),
(1921, 121, 10, 3, 77, 10, '242.01', 1),
(1922, 121, 10, 3, 78, 10, '157.95', 1),
(1923, 121, 10, 3, 79, 10, '213.74', 1),
(1924, 121, 10, 3, 80, 10, '244.84', 1),
(1925, 121, 10, 3, -1, 10, '232.97', 1),
(1926, 121, 10, 4, 77, 10, '180.35', 1),
(1927, 121, 10, 4, 78, 10, '152.83', 1),
(1928, 121, 10, 4, 79, 10, '173.11', 1),
(1929, 121, 10, 4, 80, 10, '157.07', 1),
(1930, 121, 10, 4, -1, 10, '216', 1),
(1931, 122, 6, 3, 61, 10, '158.78', 1),
(1932, 122, 6, 3, 62, 10, '195.9', 1),
(1933, 122, 6, 3, 63, 10, '153.19', 1),
(1934, 122, 6, 3, 64, 10, '228.23', 1),
(1935, 122, 6, 3, -1, 10, '231.57', 1),
(1936, 122, 6, 4, 61, 10, '223.19', 1),
(1937, 122, 6, 4, 62, 10, '171.23', 1),
(1938, 122, 6, 4, 63, 10, '236.56', 1),
(1939, 122, 6, 4, 64, 10, '219.11', 1),
(1940, 122, 6, 4, -1, 10, '235.87', 1),
(1941, 122, 7, 3, 61, 10, '172.01', 1),
(1942, 122, 7, 3, 62, 10, '202.43', 1),
(1943, 122, 7, 3, 63, 10, '246.15', 1),
(1944, 122, 7, 3, 64, 10, '173.44', 1),
(1945, 122, 7, 3, -1, 10, '178.75', 1),
(1946, 122, 7, 4, 61, 10, '223.41', 1),
(1947, 122, 7, 4, 62, 10, '230.84', 1),
(1948, 122, 7, 4, 63, 10, '233.94', 1),
(1949, 122, 7, 4, 64, 10, '227.17', 1),
(1950, 122, 7, 4, -1, 10, '184.06', 1),
(1951, 122, 8, 3, 61, 10, '188.79', 1),
(1952, 122, 8, 3, 62, 10, '241.75', 1),
(1953, 122, 8, 3, 63, 10, '192.37', 1),
(1954, 122, 8, 3, 64, 10, '186.63', 1),
(1955, 122, 8, 3, -1, 10, '206.02', 1),
(1956, 122, 8, 4, 61, 10, '220.2', 1),
(1957, 122, 8, 4, 62, 10, '232.94', 1),
(1958, 122, 8, 4, 63, 10, '154.13', 1),
(1959, 122, 8, 4, 64, 10, '221.8', 1),
(1960, 122, 8, 4, -1, 10, '196.64', 1),
(1961, 122, 9, 3, 61, 10, '167.78', 1),
(1962, 122, 9, 3, 62, 10, '198.98', 1),
(1963, 122, 9, 3, 63, 10, '241.58', 1),
(1964, 122, 9, 3, 64, 10, '160.96', 1),
(1965, 122, 9, 3, -1, 10, '230.06', 1),
(1966, 122, 9, 4, 61, 10, '217.42', 1),
(1967, 122, 9, 4, 62, 10, '246.93', 1),
(1968, 122, 9, 4, 63, 10, '232.37', 1),
(1969, 122, 9, 4, 64, 10, '171.07', 1),
(1970, 122, 9, 4, -1, 10, '208.25', 1),
(1971, 122, 10, 3, 61, 10, '178.04', 1),
(1972, 122, 10, 3, 62, 10, '215.45', 1),
(1973, 122, 10, 3, 63, 10, '193.1', 1),
(1974, 122, 10, 3, 64, 10, '169.19', 1),
(1975, 122, 10, 3, -1, 10, '216.63', 1),
(1976, 122, 10, 4, 61, 10, '225.58', 1),
(1977, 122, 10, 4, 62, 10, '228.01', 1),
(1978, 122, 10, 4, 63, 10, '213.31', 1),
(1979, 122, 10, 4, 64, 10, '232.53', 1),
(1980, 122, 10, 4, -1, 10, '172.71', 1),
(1981, 123, 6, 3, 65, 10, '215.97', 1),
(1982, 123, 6, 3, 66, 10, '211.74', 1),
(1983, 123, 6, 3, 67, 10, '160.75', 1),
(1984, 123, 6, 3, 68, 10, '218.56', 1),
(1985, 123, 6, 3, -1, 10, '160.55', 1),
(1986, 123, 6, 4, 65, 10, '197.08', 1),
(1987, 123, 6, 4, 66, 10, '153.75', 1),
(1988, 123, 6, 4, 67, 10, '227.48', 1),
(1989, 123, 6, 4, 68, 10, '226.17', 1),
(1990, 123, 6, 4, -1, 10, '198.4', 1),
(1991, 123, 7, 3, 65, 10, '163.49', 1),
(1992, 123, 7, 3, 66, 10, '172.26', 1),
(1993, 123, 7, 3, 67, 10, '220.82', 1),
(1994, 123, 7, 3, 68, 10, '237.34', 1),
(1995, 123, 7, 3, -1, 10, '174.25', 1),
(1996, 123, 7, 4, 65, 10, '209.2', 1),
(1997, 123, 7, 4, 66, 10, '173.26', 1),
(1998, 123, 7, 4, 67, 10, '188.69', 1),
(1999, 123, 7, 4, 68, 10, '173.66', 1),
(2000, 123, 7, 4, -1, 10, '152.24', 1),
(2001, 123, 8, 3, 65, 10, '190.22', 1),
(2002, 123, 8, 3, 66, 10, '244.4', 1),
(2003, 123, 8, 3, 67, 10, '201.32', 1),
(2004, 123, 8, 3, 68, 10, '223.4', 1),
(2005, 123, 8, 3, -1, 10, '163.05', 1),
(2006, 123, 8, 4, 65, 10, '195.05', 1),
(2007, 123, 8, 4, 66, 10, '236.12', 1),
(2008, 123, 8, 4, 67, 10, '245.42', 1),
(2009, 123, 8, 4, 68, 10, '168.74', 1),
(2010, 123, 8, 4, -1, 10, '157.47', 1),
(2011, 123, 9, 3, 65, 10, '231.1', 1),
(2012, 123, 9, 3, 66, 10, '233.09', 1),
(2013, 123, 9, 3, 67, 10, '222.14', 1),
(2014, 123, 9, 3, 68, 10, '161.43', 1),
(2015, 123, 9, 3, -1, 10, '190.73', 1),
(2016, 123, 9, 4, 65, 10, '219.36', 1),
(2017, 123, 9, 4, 66, 10, '174.59', 1),
(2018, 123, 9, 4, 67, 10, '164.9', 1),
(2019, 123, 9, 4, 68, 10, '150.72', 1),
(2020, 123, 9, 4, -1, 10, '208.91', 1),
(2021, 123, 10, 3, 65, 10, '242.37', 1),
(2022, 123, 10, 3, 66, 10, '235.13', 1),
(2023, 123, 10, 3, 67, 10, '198.56', 1),
(2024, 123, 10, 3, 68, 10, '237.38', 1),
(2025, 123, 10, 3, -1, 10, '241.22', 1),
(2026, 123, 10, 4, 65, 10, '243.97', 1),
(2027, 123, 10, 4, 66, 10, '246.18', 1),
(2028, 123, 10, 4, 67, 10, '248.99', 1),
(2029, 123, 10, 4, 68, 10, '156.4', 1),
(2030, 123, 10, 4, -1, 10, '185.03', 1),
(2031, 124, 6, 3, 65, 10, '205.94', 1),
(2032, 124, 6, 3, 66, 10, '224.63', 1),
(2033, 124, 6, 3, 67, 10, '155.31', 1),
(2034, 124, 6, 3, 68, 10, '152.67', 1),
(2035, 124, 6, 3, -1, 10, '247.43', 1),
(2036, 124, 6, 4, 65, 10, '229.11', 1),
(2037, 124, 6, 4, 66, 10, '153.29', 1),
(2038, 124, 6, 4, 67, 10, '229.09', 1),
(2039, 124, 6, 4, 68, 10, '235.61', 1),
(2040, 124, 6, 4, -1, 10, '240.79', 1),
(2041, 124, 7, 3, 65, 10, '247.1', 1),
(2042, 124, 7, 3, 66, 10, '163.13', 1),
(2043, 124, 7, 3, 67, 10, '224.34', 1),
(2044, 124, 7, 3, 68, 10, '182.3', 1),
(2045, 124, 7, 3, -1, 10, '188.49', 1),
(2046, 124, 7, 4, 65, 10, '245.56', 1),
(2047, 124, 7, 4, 66, 10, '212.33', 1),
(2048, 124, 7, 4, 67, 10, '174.96', 1),
(2049, 124, 7, 4, 68, 10, '187.81', 1),
(2050, 124, 7, 4, -1, 10, '164.19', 1),
(2051, 124, 8, 3, 65, 10, '207.5', 1),
(2052, 124, 8, 3, 66, 10, '194.95', 1),
(2053, 124, 8, 3, 67, 10, '202.23', 1),
(2054, 124, 8, 3, 68, 10, '176.3', 1),
(2055, 124, 8, 3, -1, 10, '224.81', 1),
(2056, 124, 8, 4, 65, 10, '245.14', 1),
(2057, 124, 8, 4, 66, 10, '201.29', 1),
(2058, 124, 8, 4, 67, 10, '221.01', 1),
(2059, 124, 8, 4, 68, 10, '151.18', 1),
(2060, 124, 8, 4, -1, 10, '242.87', 1),
(2061, 124, 9, 3, 65, 10, '210.81', 1),
(2062, 124, 9, 3, 66, 10, '175.45', 1),
(2063, 124, 9, 3, 67, 10, '194.81', 1),
(2064, 124, 9, 3, 68, 10, '197.69', 1),
(2065, 124, 9, 3, -1, 10, '154.02', 1),
(2066, 124, 9, 4, 65, 10, '227.03', 1),
(2067, 124, 9, 4, 66, 10, '223.09', 1),
(2068, 124, 9, 4, 67, 10, '184.37', 1),
(2069, 124, 9, 4, 68, 10, '202.59', 1),
(2070, 124, 9, 4, -1, 10, '209.81', 1),
(2071, 124, 10, 3, 65, 10, '191.32', 1),
(2072, 124, 10, 3, 66, 10, '177.13', 1),
(2073, 124, 10, 3, 67, 10, '161.71', 1),
(2074, 124, 10, 3, 68, 10, '227.15', 1),
(2075, 124, 10, 3, -1, 10, '200.62', 1),
(2076, 124, 10, 4, 65, 10, '171.67', 1),
(2077, 124, 10, 4, 66, 10, '206.47', 1),
(2078, 124, 10, 4, 67, 10, '167.35', 1),
(2079, 124, 10, 4, 68, 10, '167.36', 1),
(2080, 124, 10, 4, -1, 10, '184.72', 1),
(2081, 125, 6, 3, 77, 10, '171.51', 1),
(2082, 125, 6, 3, 78, 10, '153.42', 1),
(2083, 125, 6, 3, 79, 10, '202.56', 1),
(2084, 125, 6, 3, 80, 10, '202.54', 1),
(2085, 125, 6, 3, -1, 10, '155.04', 1),
(2086, 125, 6, 4, 77, 10, '217.57', 1),
(2087, 125, 6, 4, 78, 10, '172.71', 1),
(2088, 125, 6, 4, 79, 10, '160.87', 1),
(2089, 125, 6, 4, 80, 10, '236.22', 1),
(2090, 125, 6, 4, -1, 10, '248.48', 1),
(2091, 125, 7, 3, 77, 10, '183.73', 1),
(2092, 125, 7, 3, 78, 10, '223.2', 1),
(2093, 125, 7, 3, 79, 10, '214.81', 1),
(2094, 125, 7, 3, 80, 10, '154.45', 1),
(2095, 125, 7, 3, -1, 10, '177.82', 1),
(2096, 125, 7, 4, 77, 10, '175.75', 1),
(2097, 125, 7, 4, 78, 10, '195.31', 1),
(2098, 125, 7, 4, 79, 10, '199.28', 1),
(2099, 125, 7, 4, 80, 10, '160.5', 1),
(2100, 125, 7, 4, -1, 10, '154.62', 1),
(2101, 125, 8, 3, 77, 10, '241.63', 1),
(2102, 125, 8, 3, 78, 10, '194.29', 1),
(2103, 125, 8, 3, 79, 10, '196.56', 1),
(2104, 125, 8, 3, 80, 10, '249.9', 1),
(2105, 125, 8, 3, -1, 10, '209.86', 1),
(2106, 125, 8, 4, 77, 10, '249.57', 1),
(2107, 125, 8, 4, 78, 10, '168.27', 1),
(2108, 125, 8, 4, 79, 10, '242.65', 1),
(2109, 125, 8, 4, 80, 10, '158.42', 1),
(2110, 125, 8, 4, -1, 10, '214.16', 1),
(2111, 125, 9, 3, 77, 10, '245.52', 1),
(2112, 125, 9, 3, 78, 10, '235.15', 1),
(2113, 125, 9, 3, 79, 10, '189.18', 1),
(2114, 125, 9, 3, 80, 10, '190.45', 1),
(2115, 125, 9, 3, -1, 10, '234.72', 1),
(2116, 125, 9, 4, 77, 10, '152.23', 1),
(2117, 125, 9, 4, 78, 10, '206.99', 1),
(2118, 125, 9, 4, 79, 10, '228.28', 1),
(2119, 125, 9, 4, 80, 10, '170.42', 1),
(2120, 125, 9, 4, -1, 10, '217.27', 1),
(2121, 125, 10, 3, 77, 10, '225.07', 1),
(2122, 125, 10, 3, 78, 10, '223.56', 1),
(2123, 125, 10, 3, 79, 10, '192.6', 1),
(2124, 125, 10, 3, 80, 10, '242.32', 1),
(2125, 125, 10, 3, -1, 10, '183.79', 1),
(2126, 125, 10, 4, 77, 10, '242.01', 1),
(2127, 125, 10, 4, 78, 10, '208.65', 1),
(2128, 125, 10, 4, 79, 10, '167.23', 1),
(2129, 125, 10, 4, 80, 10, '160.18', 1),
(2130, 125, 10, 4, -1, 10, '249.25', 1),
(2131, 126, 6, 3, -1, 10, '215.68', 1),
(2132, 126, 6, 4, -1, 10, '180.64', 1),
(2133, 126, 7, 3, -1, 10, '206.18', 1),
(2134, 126, 7, 4, -1, 10, '238.97', 1),
(2135, 126, 8, 3, -1, 10, '226.3', 1),
(2136, 126, 8, 4, -1, 10, '164.61', 1),
(2137, 126, 9, 3, -1, 10, '194.16', 1),
(2138, 126, 9, 4, -1, 10, '226.95', 1),
(2139, 126, 10, 3, -1, 10, '202.29', 1),
(2140, 126, 10, 4, -1, 10, '180.6', 1),
(2141, 127, 6, 3, 85, 10, '246.14', 1),
(2142, 127, 6, 3, 86, 10, '238.89', 1),
(2143, 127, 6, 3, 87, 10, '206.04', 1),
(2144, 127, 6, 3, 88, 10, '163.52', 1),
(2145, 127, 6, 3, -1, 10, '249.47', 1),
(2146, 127, 6, 4, 85, 10, '206.8', 1),
(2147, 127, 6, 4, 86, 10, '235.59', 1),
(2148, 127, 6, 4, 87, 10, '207.55', 1),
(2149, 127, 6, 4, 88, 10, '180.96', 1),
(2150, 127, 6, 4, -1, 10, '232.18', 1),
(2151, 127, 7, 3, 85, 10, '168.01', 1),
(2152, 127, 7, 3, 86, 10, '193.53', 1),
(2153, 127, 7, 3, 87, 10, '213.6', 1),
(2154, 127, 7, 3, 88, 10, '237.42', 1),
(2155, 127, 7, 3, -1, 10, '196.27', 1),
(2156, 127, 7, 4, 85, 10, '219.13', 1),
(2157, 127, 7, 4, 86, 10, '156.82', 1),
(2158, 127, 7, 4, 87, 10, '176.69', 1),
(2159, 127, 7, 4, 88, 10, '163.02', 1),
(2160, 127, 7, 4, -1, 10, '235.04', 1),
(2161, 127, 8, 3, 85, 10, '236.13', 1),
(2162, 127, 8, 3, 86, 10, '225.54', 1),
(2163, 127, 8, 3, 87, 10, '169.28', 1),
(2164, 127, 8, 3, 88, 10, '219.8', 1),
(2165, 127, 8, 3, -1, 10, '241.15', 1),
(2166, 127, 8, 4, 85, 10, '196.35', 1),
(2167, 127, 8, 4, 86, 10, '208.32', 1),
(2168, 127, 8, 4, 87, 10, '202.55', 1),
(2169, 127, 8, 4, 88, 10, '237.76', 1),
(2170, 127, 8, 4, -1, 10, '231.18', 1),
(2171, 127, 9, 3, 85, 10, '192.62', 1),
(2172, 127, 9, 3, 86, 10, '219.55', 1),
(2173, 127, 9, 3, 87, 10, '169.91', 1),
(2174, 127, 9, 3, 88, 10, '240.87', 1),
(2175, 127, 9, 3, -1, 10, '244.65', 1),
(2176, 127, 9, 4, 85, 10, '150.61', 1),
(2177, 127, 9, 4, 86, 10, '169.11', 1),
(2178, 127, 9, 4, 87, 10, '243.72', 1),
(2179, 127, 9, 4, 88, 10, '161.27', 1),
(2180, 127, 9, 4, -1, 10, '225.2', 1),
(2181, 127, 10, 3, 85, 10, '192.16', 1),
(2182, 127, 10, 3, 86, 10, '235.23', 1),
(2183, 127, 10, 3, 87, 10, '249.68', 1),
(2184, 127, 10, 3, 88, 10, '192.7', 1),
(2185, 127, 10, 3, -1, 10, '164.46', 1),
(2186, 127, 10, 4, 85, 10, '194.18', 1),
(2187, 127, 10, 4, 86, 10, '227.53', 1),
(2188, 127, 10, 4, 87, 10, '205.09', 1),
(2189, 127, 10, 4, 88, 10, '192.89', 1),
(2190, 127, 10, 4, -1, 10, '199.17', 1),
(2191, 128, 6, 3, 61, 10, '167.17', 1),
(2192, 128, 6, 3, 62, 10, '188.34', 1),
(2193, 128, 6, 3, 63, 10, '190.18', 1),
(2194, 128, 6, 3, 64, 10, '235.9', 1),
(2195, 128, 6, 3, -1, 10, '158.96', 1),
(2196, 128, 6, 4, 61, 10, '237.11', 1),
(2197, 128, 6, 4, 62, 10, '158.67', 1),
(2198, 128, 6, 4, 63, 10, '232', 1),
(2199, 128, 6, 4, 64, 10, '233.98', 1),
(2200, 128, 6, 4, -1, 10, '223.93', 1),
(2201, 128, 7, 3, 61, 10, '167.69', 1),
(2202, 128, 7, 3, 62, 10, '216.67', 1),
(2203, 128, 7, 3, 63, 10, '230.29', 1),
(2204, 128, 7, 3, 64, 10, '151.41', 1),
(2205, 128, 7, 3, -1, 10, '216.2', 1),
(2206, 128, 7, 4, 61, 10, '176.78', 1),
(2207, 128, 7, 4, 62, 10, '185.27', 1),
(2208, 128, 7, 4, 63, 10, '246.04', 1),
(2209, 128, 7, 4, 64, 10, '224.39', 1),
(2210, 128, 7, 4, -1, 10, '233.84', 1),
(2211, 128, 8, 3, 61, 10, '246.03', 1),
(2212, 128, 8, 3, 62, 10, '178.64', 1),
(2213, 128, 8, 3, 63, 10, '205.1', 1),
(2214, 128, 8, 3, 64, 10, '239.56', 1),
(2215, 128, 8, 3, -1, 10, '232.51', 1),
(2216, 128, 8, 4, 61, 10, '193.87', 1),
(2217, 128, 8, 4, 62, 10, '221.82', 1),
(2218, 128, 8, 4, 63, 10, '177.49', 1),
(2219, 128, 8, 4, 64, 10, '172', 1),
(2220, 128, 8, 4, -1, 10, '177.51', 1),
(2221, 128, 9, 3, 61, 10, '221.58', 1),
(2222, 128, 9, 3, 62, 10, '225.35', 1),
(2223, 128, 9, 3, 63, 10, '212', 1),
(2224, 128, 9, 3, 64, 10, '233.94', 1),
(2225, 128, 9, 3, -1, 10, '183.73', 1),
(2226, 128, 9, 4, 61, 10, '166.83', 1),
(2227, 128, 9, 4, 62, 10, '232.94', 1),
(2228, 128, 9, 4, 63, 10, '214.23', 1),
(2229, 128, 9, 4, 64, 10, '222.31', 1),
(2230, 128, 9, 4, -1, 10, '218.87', 1),
(2231, 128, 10, 3, 61, 10, '177.41', 1),
(2232, 128, 10, 3, 62, 10, '180.46', 1),
(2233, 128, 10, 3, 63, 10, '220.05', 1),
(2234, 128, 10, 3, 64, 10, '208.87', 1),
(2235, 128, 10, 3, -1, 10, '234.21', 1),
(2236, 128, 10, 4, 61, 10, '194.43', 1),
(2237, 128, 10, 4, 62, 10, '219.53', 1),
(2238, 128, 10, 4, 63, 10, '164.34', 1),
(2239, 128, 10, 4, 64, 10, '213.14', 1),
(2240, 128, 10, 4, -1, 10, '222.65', 1),
(2241, 129, 6, 3, -1, 10, '223.85', 1),
(2242, 129, 6, 4, -1, 10, '201.31', 1),
(2243, 129, 7, 3, -1, 10, '184.98', 1),
(2244, 129, 7, 4, -1, 10, '170.98', 1),
(2245, 129, 8, 3, -1, 10, '249.97', 1),
(2246, 129, 8, 4, -1, 10, '186.92', 1),
(2247, 129, 9, 3, -1, 10, '234.67', 1),
(2248, 129, 9, 4, -1, 10, '162.61', 1),
(2249, 129, 10, 3, -1, 10, '159.02', 1),
(2250, 129, 10, 4, -1, 10, '157.29', 1),
(2251, 130, 6, 3, 73, 10, '159.36', 1),
(2252, 130, 6, 3, 74, 10, '174.96', 1),
(2253, 130, 6, 3, 75, 10, '246.69', 1),
(2254, 130, 6, 3, 76, 10, '158.59', 1),
(2255, 130, 6, 3, -1, 10, '202.89', 1),
(2256, 130, 6, 4, 73, 10, '188.67', 1),
(2257, 130, 6, 4, 74, 10, '184.69', 1),
(2258, 130, 6, 4, 75, 10, '207.44', 1),
(2259, 130, 6, 4, 76, 10, '233.13', 1),
(2260, 130, 6, 4, -1, 10, '193.32', 1),
(2261, 130, 7, 3, 73, 10, '217.23', 1),
(2262, 130, 7, 3, 74, 10, '156.18', 1),
(2263, 130, 7, 3, 75, 10, '179.23', 1),
(2264, 130, 7, 3, 76, 10, '177.59', 1),
(2265, 130, 7, 3, -1, 10, '200.24', 1),
(2266, 130, 7, 4, 73, 10, '218.47', 1),
(2267, 130, 7, 4, 74, 10, '241.6', 1),
(2268, 130, 7, 4, 75, 10, '202.59', 1),
(2269, 130, 7, 4, 76, 10, '238.17', 1),
(2270, 130, 7, 4, -1, 10, '233.08', 1),
(2271, 130, 8, 3, 73, 10, '200.89', 1),
(2272, 130, 8, 3, 74, 10, '155.2', 1),
(2273, 130, 8, 3, 75, 10, '223.34', 1),
(2274, 130, 8, 3, 76, 10, '201.11', 1),
(2275, 130, 8, 3, -1, 10, '185.52', 1),
(2276, 130, 8, 4, 73, 10, '174.28', 1),
(2277, 130, 8, 4, 74, 10, '164.85', 1),
(2278, 130, 8, 4, 75, 10, '151.41', 1),
(2279, 130, 8, 4, 76, 10, '212.51', 1),
(2280, 130, 8, 4, -1, 10, '158.3', 1),
(2281, 130, 9, 3, 73, 10, '203.99', 1),
(2282, 130, 9, 3, 74, 10, '195.05', 1),
(2283, 130, 9, 3, 75, 10, '213.26', 1),
(2284, 130, 9, 3, 76, 10, '231.17', 1),
(2285, 130, 9, 3, -1, 10, '166.07', 1),
(2286, 130, 9, 4, 73, 10, '186.85', 1),
(2287, 130, 9, 4, 74, 10, '186.05', 1),
(2288, 130, 9, 4, 75, 10, '219.67', 1),
(2289, 130, 9, 4, 76, 10, '190.21', 1),
(2290, 130, 9, 4, -1, 10, '242.02', 1),
(2291, 130, 10, 3, 73, 10, '189.49', 1),
(2292, 130, 10, 3, 74, 10, '171.37', 1),
(2293, 130, 10, 3, 75, 10, '238.37', 1),
(2294, 130, 10, 3, 76, 10, '227.78', 1),
(2295, 130, 10, 3, -1, 10, '173.75', 1),
(2296, 130, 10, 4, 73, 10, '235.43', 1),
(2297, 130, 10, 4, 74, 10, '205.91', 1),
(2298, 130, 10, 4, 75, 10, '173.24', 1),
(2299, 130, 10, 4, 76, 10, '198.47', 1),
(2300, 130, 10, 4, -1, 10, '222.62', 1),
(2301, 131, 6, 3, -1, 10, '167.7', 1),
(2302, 131, 6, 4, -1, 10, '220.63', 1),
(2303, 131, 7, 3, -1, 10, '150.07', 1),
(2304, 131, 7, 4, -1, 10, '238.46', 1),
(2305, 131, 8, 3, -1, 10, '192.07', 1),
(2306, 131, 8, 4, -1, 10, '194.97', 1),
(2307, 131, 9, 3, -1, 10, '248.67', 1),
(2308, 131, 9, 4, -1, 10, '208.41', 1),
(2309, 131, 10, 3, -1, 10, '246.06', 1),
(2310, 131, 10, 4, -1, 10, '155.04', 1),
(2311, 132, 6, 3, 73, 10, '187.06', 1),
(2312, 132, 6, 3, 74, 10, '220.15', 1),
(2313, 132, 6, 3, 75, 10, '189.56', 1),
(2314, 132, 6, 3, 76, 10, '237.37', 1),
(2315, 132, 6, 3, -1, 10, '168.16', 1),
(2316, 132, 6, 4, 73, 10, '178.69', 1),
(2317, 132, 6, 4, 74, 10, '238.97', 1),
(2318, 132, 6, 4, 75, 10, '208.77', 1),
(2319, 132, 6, 4, 76, 10, '176.95', 1),
(2320, 132, 6, 4, -1, 10, '208.43', 1),
(2321, 132, 7, 3, 73, 10, '161.31', 1),
(2322, 132, 7, 3, 74, 10, '231.26', 1),
(2323, 132, 7, 3, 75, 10, '222.36', 1),
(2324, 132, 7, 3, 76, 10, '168.02', 1),
(2325, 132, 7, 3, -1, 10, '223.04', 1),
(2326, 132, 7, 4, 73, 10, '161.13', 1),
(2327, 132, 7, 4, 74, 10, '186.51', 1),
(2328, 132, 7, 4, 75, 10, '199.18', 1),
(2329, 132, 7, 4, 76, 10, '186.36', 1),
(2330, 132, 7, 4, -1, 10, '184.25', 1),
(2331, 132, 8, 3, 73, 10, '212.2', 1),
(2332, 132, 8, 3, 74, 10, '158.22', 1),
(2333, 132, 8, 3, 75, 10, '204.5', 1),
(2334, 132, 8, 3, 76, 10, '197.85', 1),
(2335, 132, 8, 3, -1, 10, '225.75', 1),
(2336, 132, 8, 4, 73, 10, '185.18', 1),
(2337, 132, 8, 4, 74, 10, '198.67', 1),
(2338, 132, 8, 4, 75, 10, '187.82', 1),
(2339, 132, 8, 4, 76, 10, '193.07', 1),
(2340, 132, 8, 4, -1, 10, '151.88', 1),
(2341, 132, 9, 3, 73, 10, '230.19', 1),
(2342, 132, 9, 3, 74, 10, '245.33', 1),
(2343, 132, 9, 3, 75, 10, '186.06', 1),
(2344, 132, 9, 3, 76, 10, '244.32', 1),
(2345, 132, 9, 3, -1, 10, '213.42', 1),
(2346, 132, 9, 4, 73, 10, '184.14', 1),
(2347, 132, 9, 4, 74, 10, '230.44', 1),
(2348, 132, 9, 4, 75, 10, '249.76', 1),
(2349, 132, 9, 4, 76, 10, '207.51', 1),
(2350, 132, 9, 4, -1, 10, '238.24', 1),
(2351, 132, 10, 3, 73, 10, '218.69', 1),
(2352, 132, 10, 3, 74, 10, '228.7', 1),
(2353, 132, 10, 3, 75, 10, '237.47', 1),
(2354, 132, 10, 3, 76, 10, '151.22', 1),
(2355, 132, 10, 3, -1, 10, '193.71', 1),
(2356, 132, 10, 4, 73, 10, '164.88', 1),
(2357, 132, 10, 4, 74, 10, '193.27', 1),
(2358, 132, 10, 4, 75, 10, '221.7', 1),
(2359, 132, 10, 4, 76, 10, '178.7', 1),
(2360, 132, 10, 4, -1, 10, '178.39', 1),
(2361, 133, 6, 3, 73, 10, '205.86', 1),
(2362, 133, 6, 3, 74, 10, '244.11', 1),
(2363, 133, 6, 3, 75, 10, '152.97', 1),
(2364, 133, 6, 3, 76, 10, '182.54', 1),
(2365, 133, 6, 3, -1, 10, '203.79', 1),
(2366, 133, 6, 4, 73, 10, '221.34', 1),
(2367, 133, 6, 4, 74, 10, '245.31', 1),
(2368, 133, 6, 4, 75, 10, '212.52', 1),
(2369, 133, 6, 4, 76, 10, '176.69', 1),
(2370, 133, 6, 4, -1, 10, '195.88', 1),
(2371, 133, 7, 3, 73, 10, '199.35', 1),
(2372, 133, 7, 3, 74, 10, '159.08', 1),
(2373, 133, 7, 3, 75, 10, '247.38', 1),
(2374, 133, 7, 3, 76, 10, '209.65', 1),
(2375, 133, 7, 3, -1, 10, '156.1', 1),
(2376, 133, 7, 4, 73, 10, '201.58', 1),
(2377, 133, 7, 4, 74, 10, '189.57', 1),
(2378, 133, 7, 4, 75, 10, '193.11', 1),
(2379, 133, 7, 4, 76, 10, '246.83', 1),
(2380, 133, 7, 4, -1, 10, '204.84', 1),
(2381, 133, 8, 3, 73, 10, '233.72', 1),
(2382, 133, 8, 3, 74, 10, '204.06', 1),
(2383, 133, 8, 3, 75, 10, '169.15', 1),
(2384, 133, 8, 3, 76, 10, '183.59', 1),
(2385, 133, 8, 3, -1, 10, '160.47', 1),
(2386, 133, 8, 4, 73, 10, '201.61', 1),
(2387, 133, 8, 4, 74, 10, '176.61', 1),
(2388, 133, 8, 4, 75, 10, '228.23', 1),
(2389, 133, 8, 4, 76, 10, '161.34', 1),
(2390, 133, 8, 4, -1, 10, '172', 1),
(2391, 133, 9, 3, 73, 10, '225.97', 1),
(2392, 133, 9, 3, 74, 10, '163.87', 1),
(2393, 133, 9, 3, 75, 10, '191.44', 1),
(2394, 133, 9, 3, 76, 10, '215.58', 1),
(2395, 133, 9, 3, -1, 10, '153.59', 1),
(2396, 133, 9, 4, 73, 10, '171.19', 1),
(2397, 133, 9, 4, 74, 10, '245.19', 1),
(2398, 133, 9, 4, 75, 10, '162.38', 1),
(2399, 133, 9, 4, 76, 10, '226.35', 1),
(2400, 133, 9, 4, -1, 10, '194.59', 1),
(2401, 133, 10, 3, 73, 10, '243.91', 1),
(2402, 133, 10, 3, 74, 10, '185.78', 1),
(2403, 133, 10, 3, 75, 10, '247.16', 1),
(2404, 133, 10, 3, 76, 10, '228.46', 1),
(2405, 133, 10, 3, -1, 10, '150.84', 1),
(2406, 133, 10, 4, 73, 10, '218.79', 1),
(2407, 133, 10, 4, 74, 10, '191.46', 1),
(2408, 133, 10, 4, 75, 10, '150.93', 1),
(2409, 133, 10, 4, 76, 10, '230.28', 1),
(2410, 133, 10, 4, -1, 10, '248.58', 1),
(2411, 134, 6, 3, 73, 10, '202.08', 1),
(2412, 134, 6, 3, 74, 10, '214.65', 1),
(2413, 134, 6, 3, 75, 10, '217.02', 1),
(2414, 134, 6, 3, 76, 10, '191.14', 1),
(2415, 134, 6, 3, -1, 10, '154.65', 1),
(2416, 134, 6, 4, 73, 10, '249.81', 1),
(2417, 134, 6, 4, 74, 10, '235.12', 1),
(2418, 134, 6, 4, 75, 10, '176.17', 1),
(2419, 134, 6, 4, 76, 10, '225.5', 1),
(2420, 134, 6, 4, -1, 10, '248.98', 1),
(2421, 134, 7, 3, 73, 10, '218.38', 1),
(2422, 134, 7, 3, 74, 10, '194.97', 1),
(2423, 134, 7, 3, 75, 10, '169.73', 1),
(2424, 134, 7, 3, 76, 10, '213.71', 1),
(2425, 134, 7, 3, -1, 10, '209.38', 1),
(2426, 134, 7, 4, 73, 10, '155.76', 1),
(2427, 134, 7, 4, 74, 10, '200.67', 1),
(2428, 134, 7, 4, 75, 10, '186.08', 1),
(2429, 134, 7, 4, 76, 10, '178.4', 1),
(2430, 134, 7, 4, -1, 10, '183.73', 1),
(2431, 134, 8, 3, 73, 10, '233.44', 1),
(2432, 134, 8, 3, 74, 10, '166.04', 1),
(2433, 134, 8, 3, 75, 10, '179.86', 1),
(2434, 134, 8, 3, 76, 10, '151.18', 1),
(2435, 134, 8, 3, -1, 10, '166.32', 1),
(2436, 134, 8, 4, 73, 10, '228.05', 1),
(2437, 134, 8, 4, 74, 10, '191.32', 1),
(2438, 134, 8, 4, 75, 10, '222.42', 1),
(2439, 134, 8, 4, 76, 10, '188.14', 1),
(2440, 134, 8, 4, -1, 10, '223.47', 1),
(2441, 134, 9, 3, 73, 10, '202.9', 1),
(2442, 134, 9, 3, 74, 10, '194.12', 1),
(2443, 134, 9, 3, 75, 10, '211.88', 1),
(2444, 134, 9, 3, 76, 10, '227.06', 1),
(2445, 134, 9, 3, -1, 10, '249.64', 1),
(2446, 134, 9, 4, 73, 10, '217.03', 1),
(2447, 134, 9, 4, 74, 10, '186.22', 1),
(2448, 134, 9, 4, 75, 10, '229.99', 1),
(2449, 134, 9, 4, 76, 10, '241.33', 1),
(2450, 134, 9, 4, -1, 10, '166.65', 1),
(2451, 134, 10, 3, 73, 10, '159.26', 1),
(2452, 134, 10, 3, 74, 10, '246.34', 1),
(2453, 134, 10, 3, 75, 10, '203.92', 1),
(2454, 134, 10, 3, 76, 10, '230.6', 1),
(2455, 134, 10, 3, -1, 10, '191.22', 1),
(2456, 134, 10, 4, 73, 10, '214.31', 1),
(2457, 134, 10, 4, 74, 10, '247.87', 1),
(2458, 134, 10, 4, 75, 10, '246.44', 1),
(2459, 134, 10, 4, 76, 10, '238.58', 1),
(2460, 134, 10, 4, -1, 10, '203.57', 1),
(2461, 135, 6, 3, 73, 10, '152.13', 1),
(2462, 135, 6, 3, 74, 10, '199.94', 1),
(2463, 135, 6, 3, 75, 10, '193.3', 1),
(2464, 135, 6, 3, 76, 10, '216.7', 1),
(2465, 135, 6, 3, -1, 10, '153.58', 1),
(2466, 135, 6, 4, 73, 10, '167.8', 1),
(2467, 135, 6, 4, 74, 10, '228.26', 1),
(2468, 135, 6, 4, 75, 10, '187.89', 1),
(2469, 135, 6, 4, 76, 10, '204.7', 1),
(2470, 135, 6, 4, -1, 10, '209.81', 1),
(2471, 135, 7, 3, 73, 10, '184.97', 1),
(2472, 135, 7, 3, 74, 10, '245.42', 1),
(2473, 135, 7, 3, 75, 10, '222.19', 1),
(2474, 135, 7, 3, 76, 10, '224.69', 1),
(2475, 135, 7, 3, -1, 10, '206.9', 1),
(2476, 135, 7, 4, 73, 10, '210.4', 1),
(2477, 135, 7, 4, 74, 10, '181.3', 1),
(2478, 135, 7, 4, 75, 10, '225.29', 1),
(2479, 135, 7, 4, 76, 10, '232.56', 1),
(2480, 135, 7, 4, -1, 10, '236.93', 1),
(2481, 135, 8, 3, 73, 10, '236.95', 1),
(2482, 135, 8, 3, 74, 10, '223.99', 1),
(2483, 135, 8, 3, 75, 10, '159.09', 1),
(2484, 135, 8, 3, 76, 10, '173.47', 1),
(2485, 135, 8, 3, -1, 10, '240.1', 1),
(2486, 135, 8, 4, 73, 10, '230.09', 1),
(2487, 135, 8, 4, 74, 10, '180.16', 1),
(2488, 135, 8, 4, 75, 10, '160.51', 1),
(2489, 135, 8, 4, 76, 10, '212.06', 1),
(2490, 135, 8, 4, -1, 10, '228.79', 1),
(2491, 135, 9, 3, 73, 10, '157.76', 1),
(2492, 135, 9, 3, 74, 10, '152.41', 1),
(2493, 135, 9, 3, 75, 10, '238.79', 1),
(2494, 135, 9, 3, 76, 10, '186.73', 1),
(2495, 135, 9, 3, -1, 10, '167.26', 1),
(2496, 135, 9, 4, 73, 10, '226.1', 1),
(2497, 135, 9, 4, 74, 10, '178.72', 1),
(2498, 135, 9, 4, 75, 10, '165.3', 1),
(2499, 135, 9, 4, 76, 10, '240.36', 1),
(2500, 135, 9, 4, -1, 10, '155.88', 1),
(2501, 135, 10, 3, 73, 10, '208.33', 1),
(2502, 135, 10, 3, 74, 10, '224', 1),
(2503, 135, 10, 3, 75, 10, '245.03', 1),
(2504, 135, 10, 3, 76, 10, '203.16', 1),
(2505, 135, 10, 3, -1, 10, '230.68', 1),
(2506, 135, 10, 4, 73, 10, '193.94', 1),
(2507, 135, 10, 4, 74, 10, '227.64', 1),
(2508, 135, 10, 4, 75, 10, '206.39', 1),
(2509, 135, 10, 4, 76, 10, '199.01', 1),
(2510, 135, 10, 4, -1, 10, '225.9', 1),
(2511, 136, 6, 3, 73, 10, '182.48', 1),
(2512, 136, 6, 3, 74, 10, '184.68', 1),
(2513, 136, 6, 3, 75, 10, '225.95', 1),
(2514, 136, 6, 3, 76, 10, '225.71', 1),
(2515, 136, 6, 3, -1, 10, '200.7', 1),
(2516, 136, 6, 4, 73, 10, '176.36', 1),
(2517, 136, 6, 4, 74, 10, '229.7', 1),
(2518, 136, 6, 4, 75, 10, '169.41', 1),
(2519, 136, 6, 4, 76, 10, '207.96', 1),
(2520, 136, 6, 4, -1, 10, '181.58', 1),
(2521, 136, 7, 3, 73, 10, '234.02', 1),
(2522, 136, 7, 3, 74, 10, '175.34', 1),
(2523, 136, 7, 3, 75, 10, '224.63', 1),
(2524, 136, 7, 3, 76, 10, '247.15', 1),
(2525, 136, 7, 3, -1, 10, '211.84', 1),
(2526, 136, 7, 4, 73, 10, '167.77', 1),
(2527, 136, 7, 4, 74, 10, '153.33', 1),
(2528, 136, 7, 4, 75, 10, '213.33', 1),
(2529, 136, 7, 4, 76, 10, '156.65', 1),
(2530, 136, 7, 4, -1, 10, '193.25', 1),
(2531, 136, 8, 3, 73, 10, '246.32', 1),
(2532, 136, 8, 3, 74, 10, '201.84', 1),
(2533, 136, 8, 3, 75, 10, '220.23', 1),
(2534, 136, 8, 3, 76, 10, '245.63', 1),
(2535, 136, 8, 3, -1, 10, '217.47', 1),
(2536, 136, 8, 4, 73, 10, '200.46', 1),
(2537, 136, 8, 4, 74, 10, '199.88', 1),
(2538, 136, 8, 4, 75, 10, '248.01', 1),
(2539, 136, 8, 4, 76, 10, '190.41', 1),
(2540, 136, 8, 4, -1, 10, '158.04', 1),
(2541, 136, 9, 3, 73, 10, '168.96', 1),
(2542, 136, 9, 3, 74, 10, '220.67', 1),
(2543, 136, 9, 3, 75, 10, '246.49', 1),
(2544, 136, 9, 3, 76, 10, '220.44', 1),
(2545, 136, 9, 3, -1, 10, '212.7', 1),
(2546, 136, 9, 4, 73, 10, '152.21', 1),
(2547, 136, 9, 4, 74, 10, '172.94', 1),
(2548, 136, 9, 4, 75, 10, '158.06', 1),
(2549, 136, 9, 4, 76, 10, '221.48', 1),
(2550, 136, 9, 4, -1, 10, '183.24', 1),
(2551, 136, 10, 3, 73, 10, '201.74', 1),
(2552, 136, 10, 3, 74, 10, '209', 1),
(2553, 136, 10, 3, 75, 10, '189.77', 1),
(2554, 136, 10, 3, 76, 10, '171.85', 1),
(2555, 136, 10, 3, -1, 10, '239.96', 1),
(2556, 136, 10, 4, 73, 10, '234.23', 1),
(2557, 136, 10, 4, 74, 10, '201.28', 1),
(2558, 136, 10, 4, 75, 10, '153.71', 1),
(2559, 136, 10, 4, 76, 10, '214.69', 1),
(2560, 136, 10, 4, -1, 10, '162.33', 1);

-- --------------------------------------------------------

--
-- Estructura de tabla para la tabla `tipos`
--

CREATE TABLE `tipos` (
  `id` int(11) NOT NULL,
  `nombre` varchar(255) NOT NULL
) ENGINE=InnoDB DEFAULT CHARSET=utf8mb4 COLLATE=utf8mb4_general_ci;

--
-- Volcado de datos para la tabla `tipos`
--

INSERT INTO `tipos` (`id`, `nombre`) VALUES
(69, 'Silla giratoria'),
(70, 'Silla de espera'),
(71, 'Silla estática'),
(72, 'Silla mesedora'),
(73, 'Silla de peluquería'),
(74, 'Silla estática con brazo'),
(75, 'Catre de internación'),
(76, 'Camillas para masajes'),
(77, 'Gradilla de 2 peldaños'),
(78, 'Biombo'),
(79, 'Negtoscopio'),
(80, 'Camilla tipo escritorio'),
(81, 'Taburete médico'),
(82, 'Camilla con Barillas'),
(83, 'Lámpara de cuello ganzo'),
(84, 'Velador clínico'),
(85, 'Camilla de ginecología'),
(86, 'Pedestal porta sueros'),
(87, 'Camilla de examen'),
(88, 'Camilla de examen con espaldar movible'),
(89, 'Mesa de trabajo'),
(90, 'Mesa de curación'),
(91, 'Mesa de instrumentación'),
(92, 'Horno semi-industrial'),
(93, 'Cocina industrial de dos quemadores'),
(94, 'Horno domestico'),
(95, 'Broastera simple'),
(96, 'Horno hogareño'),
(97, 'Góndolas para supermercados'),
(98, 'Estanteria tipo vitrin'),
(99, 'Casillero de cuatro puertas'),
(100, 'Estante de puertas corredizas'),
(101, 'Casillero de dos puertas'),
(102, 'Casillero de 6 puertas'),
(103, 'Casillero de 12 puertas'),
(104, 'Casillero de 15 puertas'),
(105, 'Casillero de 2 puertas'),
(106, 'Casillero de 20 puertas'),
(107, 'Casillero de 9 puertas'),
(108, 'Casillero de 1 cuerpo y 4 puertas'),
(109, 'Casillero de 1 cuerpo y tres puertas'),
(110, 'Casillero de 1 cuerpo y 1 puerta'),
(111, 'Vitrina doble chapa'),
(112, 'Ropero casillero'),
(113, 'Alacena con pedestal'),
(114, 'Cajero para supermercado'),
(115, 'Mostrador para librería'),
(116, 'Estante mostrador'),
(117, 'Credenza'),
(118, 'Estante Archivador'),
(119, 'Estante para farmacia de dos cuerpos'),
(120, 'Estante para farmacia'),
(121, 'Vitrina para farmacia'),
(122, 'Estante para farmacia'),
(123, 'Escritorio secretarial de cuatro cajas con chapa clave'),
(124, 'Escritorio ejecutivo de siete cajas'),
(125, 'Vitrina de puertas corredizas'),
(126, 'Gabinete de dos cuerpos'),
(127, 'Armario de dos cuerpos'),
(128, 'Estante para archivos con bandejas'),
(129, 'Archivero'),
(130, 'Gabetero con chapa independiente'),
(131, 'Archivador de Chapas Individuales'),
(132, 'Gabetero de 4 cajas'),
(133, 'Gabetero de 3 cajas'),
(134, 'Gabetero de 2 cajas con chapa adicional'),
(135, 'Gabetero de 2 cajas sin chapa'),
(136, 'Gabetero de 5 cajas');

--
-- Disparadores `tipos`
--
DELIMITER $$
CREATE TRIGGER `after_tipo_insert` AFTER INSERT ON `tipos` FOR EACH ROW BEGIN
    CALL generate_combinations();
END
$$
DELIMITER ;

-- --------------------------------------------------------

--
-- Estructura de tabla para la tabla `usuario`
--

CREATE TABLE `usuario` (
  `id` int(11) NOT NULL,
  `username` varchar(20) DEFAULT NULL,
  `password` varchar(20) DEFAULT NULL,
  `rol` varchar(20) DEFAULT NULL,
  `id_persona` int(11) DEFAULT NULL
) ENGINE=InnoDB DEFAULT CHARSET=utf8mb4 COLLATE=utf8mb4_general_ci;

--
-- Volcado de datos para la tabla `usuario`
--

INSERT INTO `usuario` (`id`, `username`, `password`, `rol`, `id_persona`) VALUES
(1, 'jperez', 'jperez', 'administrador', 1),
(2, 'mlopez', 'mlopez', 'encargado', 2),
(3, 'cgomez', 'cgomez', 'empleado', 3);

-- --------------------------------------------------------

--
-- Estructura de tabla para la tabla `ventas`
--

CREATE TABLE `ventas` (
  `id` int(11) NOT NULL,
  `tipo` varchar(20) DEFAULT NULL,
  `color` varchar(20) DEFAULT NULL,
  `material` varchar(20) DEFAULT NULL,
  `agregado` varchar(20) DEFAULT NULL,
  `cantidad` int(11) DEFAULT NULL,
  `precioU` varchar(20) DEFAULT NULL,
  `precioT` varchar(20) DEFAULT NULL,
  `fecha` date DEFAULT NULL
) ENGINE=InnoDB DEFAULT CHARSET=utf8mb4 COLLATE=utf8mb4_general_ci;

--
-- Disparadores `ventas`
--
DELIMITER $$
CREATE TRIGGER `reducir_stock_venta` AFTER INSERT ON `ventas` FOR EACH ROW BEGIN
    DECLARE v_tipo_id INT;
    DECLARE v_color_id INT;
    DECLARE v_material_id INT;
    DECLARE v_agregado_id INT;
    DECLARE v_current_stock INT;

    -- Obtener los IDs correspondientes a los nombres
    SELECT id INTO v_tipo_id FROM tipos WHERE nombre = NEW.tipo LIMIT 1;
    SELECT id INTO v_color_id FROM colores WHERE nombre = NEW.color LIMIT 1;
    SELECT id INTO v_material_id FROM materiales WHERE nombre = NEW.material LIMIT 1;

    -- Manejar caso cuando agregado es NULL
    IF NEW.agregado IS NULL OR NEW.agregado = '' THEN
        SET v_agregado_id = -1;
    ELSE
        SELECT id INTO v_agregado_id FROM agregados WHERE nombre = NEW.agregado LIMIT 1;
    END IF;

    -- Verificar que los IDs sean válidos
    IF v_tipo_id IS NULL OR v_color_id IS NULL OR v_material_id IS NULL OR (NEW.agregado IS NOT NULL AND v_agregado_id IS NULL) THEN
        SIGNAL SQLSTATE '45000' SET MESSAGE_TEXT = 'Uno o más IDs no encontrados para los nombres proporcionados';
    ELSE
        -- Obtener el stock actual del producto
        SELECT stock INTO v_current_stock
        FROM producto_combinaciones
        WHERE tipo_id = v_tipo_id
        AND color_id = v_color_id
        AND material_id = v_material_id
        AND agregado_id = v_agregado_id;

        -- Verificar que el stock sea suficiente
        IF v_current_stock >= NEW.cantidad THEN
            -- Reducir el stock
            UPDATE producto_combinaciones
            SET stock = stock - NEW.cantidad
            WHERE tipo_id = v_tipo_id
            AND color_id = v_color_id
            AND material_id = v_material_id
            AND agregado_id = v_agregado_id;
        ELSE
            -- Lanzar un error si el stock no es suficiente
            SIGNAL SQLSTATE '45000' SET MESSAGE_TEXT = 'Stock insuficiente para la venta';
        END IF;
    END IF;
END
$$
DELIMITER ;

--
-- Índices para tablas volcadas
--

--
-- Indices de la tabla `agregados`
--
ALTER TABLE `agregados`
  ADD PRIMARY KEY (`id`);

--
-- Indices de la tabla `colores`
--
ALTER TABLE `colores`
  ADD PRIMARY KEY (`id`);

--
-- Indices de la tabla `materiales`
--
ALTER TABLE `materiales`
  ADD PRIMARY KEY (`id`);

--
-- Indices de la tabla `persona`
--
ALTER TABLE `persona`
  ADD PRIMARY KEY (`id`);

--
-- Indices de la tabla `producto_combinaciones`
--
ALTER TABLE `producto_combinaciones`
  ADD PRIMARY KEY (`id`),
  ADD KEY `tipo_id` (`tipo_id`),
  ADD KEY `color_id` (`color_id`),
  ADD KEY `material_id` (`material_id`);

--
-- Indices de la tabla `tipos`
--
ALTER TABLE `tipos`
  ADD PRIMARY KEY (`id`);

--
-- Indices de la tabla `usuario`
--
ALTER TABLE `usuario`
  ADD PRIMARY KEY (`id`),
  ADD KEY `R_4` (`id_persona`);

--
-- Indices de la tabla `ventas`
--
ALTER TABLE `ventas`
  ADD PRIMARY KEY (`id`);

--
-- AUTO_INCREMENT de las tablas volcadas
--

--
-- AUTO_INCREMENT de la tabla `agregados`
--
ALTER TABLE `agregados`
  MODIFY `id` int(11) NOT NULL AUTO_INCREMENT, AUTO_INCREMENT=89;

--
-- AUTO_INCREMENT de la tabla `colores`
--
ALTER TABLE `colores`
  MODIFY `id` int(11) NOT NULL AUTO_INCREMENT, AUTO_INCREMENT=11;

--
-- AUTO_INCREMENT de la tabla `materiales`
--
ALTER TABLE `materiales`
  MODIFY `id` int(11) NOT NULL AUTO_INCREMENT, AUTO_INCREMENT=5;

--
-- AUTO_INCREMENT de la tabla `persona`
--
ALTER TABLE `persona`
  MODIFY `id` int(11) NOT NULL AUTO_INCREMENT, AUTO_INCREMENT=8;

--
-- AUTO_INCREMENT de la tabla `producto_combinaciones`
--
ALTER TABLE `producto_combinaciones`
  MODIFY `id` int(11) NOT NULL AUTO_INCREMENT, AUTO_INCREMENT=2561;

--
-- AUTO_INCREMENT de la tabla `tipos`
--
ALTER TABLE `tipos`
  MODIFY `id` int(11) NOT NULL AUTO_INCREMENT, AUTO_INCREMENT=137;

--
-- AUTO_INCREMENT de la tabla `usuario`
--
ALTER TABLE `usuario`
  MODIFY `id` int(11) NOT NULL AUTO_INCREMENT, AUTO_INCREMENT=8;

--
-- AUTO_INCREMENT de la tabla `ventas`
--
ALTER TABLE `ventas`
  MODIFY `id` int(11) NOT NULL AUTO_INCREMENT;

--
-- Restricciones para tablas volcadas
--

--
-- Filtros para la tabla `producto_combinaciones`
--
ALTER TABLE `producto_combinaciones`
  ADD CONSTRAINT `producto_combinaciones_ibfk_1` FOREIGN KEY (`tipo_id`) REFERENCES `tipos` (`id`),
  ADD CONSTRAINT `producto_combinaciones_ibfk_2` FOREIGN KEY (`color_id`) REFERENCES `colores` (`id`),
  ADD CONSTRAINT `producto_combinaciones_ibfk_3` FOREIGN KEY (`material_id`) REFERENCES `materiales` (`id`);

--
-- Filtros para la tabla `usuario`
--
ALTER TABLE `usuario`
  ADD CONSTRAINT `R_4` FOREIGN KEY (`id_persona`) REFERENCES `persona` (`id`);
COMMIT;

/*!40101 SET CHARACTER_SET_CLIENT=@OLD_CHARACTER_SET_CLIENT */;
/*!40101 SET CHARACTER_SET_RESULTS=@OLD_CHARACTER_SET_RESULTS */;
/*!40101 SET COLLATION_CONNECTION=@OLD_COLLATION_CONNECTION */;
