-- phpMyAdmin SQL Dump
-- version 5.2.1
-- https://www.phpmyadmin.net/
--
-- Servidor: 127.0.0.1
-- Tiempo de generación: 01-08-2024 a las 13:21:18
-- Versión del servidor: 10.4.28-MariaDB
-- Versión de PHP: 8.0.28

SET SQL_MODE = "NO_AUTO_VALUE_ON_ZERO";
START TRANSACTION;
SET time_zone = "+00:00";


/*!40101 SET @OLD_CHARACTER_SET_CLIENT=@@CHARACTER_SET_CLIENT */;
/*!40101 SET @OLD_CHARACTER_SET_RESULTS=@@CHARACTER_SET_RESULTS */;
/*!40101 SET @OLD_COLLATION_CONNECTION=@@COLLATION_CONNECTION */;
/*!40101 SET NAMES utf8mb4 */;

--
-- Base de datos: `bd_ventas`
--

DELIMITER $$
--
-- Procedimientos
--
CREATE DEFINER=`root`@`localhost` PROCEDURE `generate_combinations` ()   BEGIN
    DECLARE done INT DEFAULT 0;
    DECLARE tipo_id INT;
    DECLARE tipo_nombre VARCHAR(255);
    DECLARE color_id INT;
    DECLARE material_id INT;
    DECLARE agregado_id INT;
    DECLARE agregado_nombre VARCHAR(255);
    DECLARE tipo_keyword VARCHAR(255);

    DECLARE tipo_cursor CURSOR FOR SELECT id, nombre FROM tipos;
    DECLARE color_cursor CURSOR FOR SELECT id FROM colores;
    DECLARE material_cursor CURSOR FOR SELECT id FROM materiales;
    DECLARE agregado_cursor CURSOR FOR SELECT id, tipo FROM agregados;

    DECLARE CONTINUE HANDLER FOR NOT FOUND SET done = 1;

    OPEN tipo_cursor;

    tipo_loop: LOOP
        FETCH tipo_cursor INTO tipo_id, tipo_nombre;
        IF done THEN
            LEAVE tipo_loop;
        END IF;

        -- Obtener la primera palabra del nombre del tipo
        -- SET tipo_keyword = LEFT(tipo_nombre, LOCATE(' ', tipo_nombre) - 1);

        -- Obtener la primera palabra del nombre del tipo
        SET tipo_keyword = IF(LOCATE(' ', tipo_nombre) = 0, tipo_nombre, LEFT(tipo_nombre, LOCATE(' ', tipo_nombre) - 1));


        SET done = 0;
        OPEN color_cursor;

        color_loop: LOOP
            FETCH color_cursor INTO color_id;
            IF done THEN
                LEAVE color_loop;
            END IF;

            SET done = 0;
            OPEN material_cursor;

            material_loop: LOOP
                FETCH material_cursor INTO material_id;
                IF done THEN
                    LEAVE material_loop;
                END IF;

                -- Combinaciones con agregados relacionados
                SET done = 0;
                OPEN agregado_cursor;

                agregado_loop: LOOP
                    FETCH agregado_cursor INTO agregado_id, agregado_nombre;
                    IF done THEN
                        LEAVE agregado_loop;
                    END IF;

                    -- Insertar solo si el agregado es relevante para el tipo
                    IF LOCATE(tipo_keyword, agregado_nombre) = 1 THEN
                        INSERT INTO producto_combinaciones (tipo_id, color_id, material_id, agregado_id, stock, precioU)
                        VALUES (tipo_id, color_id, material_id, agregado_id, 0, 0);
                    END IF;

                END LOOP agregado_loop;
                CLOSE agregado_cursor;

                -- Combinaciones sin agregados
                INSERT INTO producto_combinaciones (tipo_id, color_id, material_id, agregado_id, stock, precioU)
                VALUES (tipo_id, color_id, material_id, -1, 0, 0);

                SET done = 0;
            END LOOP material_loop;
            CLOSE material_cursor;
            SET done = 0;
        END LOOP color_loop;
        CLOSE color_cursor;
        SET done = 0;
    END LOOP tipo_loop;

    CLOSE tipo_cursor;
END$$

DELIMITER ;

-- --------------------------------------------------------

--
-- Estructura de tabla para la tabla `agregados`
--

CREATE TABLE `agregados` (
  `id` int(11) NOT NULL,
  `tipo` varchar(50) NOT NULL,
  `nombre` varchar(255) NOT NULL
) ENGINE=InnoDB DEFAULT CHARSET=utf8mb4 COLLATE=utf8mb4_general_ci;

--
-- Volcado de datos para la tabla `agregados`
--

INSERT INTO `agregados` (`id`, `tipo`, `nombre`) VALUES
(45, 'Silla', 'Acolchonada'),
(46, 'Silla', 'No acolchonada'),
(47, 'Silla', 'Con brazos'),
(48, 'Silla', 'Sin brazos'),
(49, 'Mesa', 'Cuadrada'),
(50, 'Mesa', 'Redonda'),
(51, 'Mesa', 'Con cajones'),
(52, 'Mesa', 'Sin cajones'),
(53, 'Camilla', 'Con barillas'),
(54, 'Camilla', 'Sin barillas'),
(55, 'Camilla', 'Con espaldar movible'),
(56, 'Camilla', 'Fija'),
(57, 'Casillero', 'Con chapa'),
(58, 'Casillero', 'Sin chapa'),
(59, 'Casillero', 'Con espejo'),
(60, 'Casillero', 'Sin espejo'),
(61, 'Estante', 'Con puertas'),
(62, 'Estante', 'Sin puertas'),
(63, 'Estante', 'De pared'),
(64, 'Estante', 'De pie'),
(65, 'Escritorio', 'Con chapas'),
(66, 'Escritorio', 'Sin chapas'),
(67, 'Escritorio', 'Con ruedas'),
(68, 'Escritorio', 'Fijo'),
(69, 'Horno', 'Con ventilador'),
(70, 'Horno', 'Sin ventilador'),
(71, 'Horno', 'A gas'),
(72, 'Horno', 'Eléctrico'),
(73, 'Gabetero', 'Con cerradura'),
(74, 'Gabetero', 'Sin cerradura'),
(75, 'Gabetero', 'De oficina'),
(76, 'Gabetero', 'De hogar'),
(77, 'Vitrina', 'De vidrio'),
(78, 'Vitrina', 'De madera'),
(79, 'Vitrina', 'Con iluminación'),
(80, 'Vitrina', 'Sin iluminación'),
(81, 'Cama', 'Con cabecera'),
(82, 'Cama', 'Sin cabecera'),
(83, 'Cama', 'Plegable'),
(84, 'Cama', 'Fija'),
(85, 'Armario', 'Con espejo'),
(86, 'Armario', 'Sin espejo'),
(87, 'Armario', 'De madera'),
(88, 'Armario', 'Metálico');

--
-- Disparadores `agregados`
--
DELIMITER $$
CREATE TRIGGER `after_agregado_insert` AFTER INSERT ON `agregados` FOR EACH ROW BEGIN
    CALL generate_combinations();
END
$$
DELIMITER ;

-- --------------------------------------------------------

--
-- Estructura de tabla para la tabla `colores`
--

CREATE TABLE `colores` (
  `id` int(11) NOT NULL,
  `nombre` varchar(50) NOT NULL
) ENGINE=InnoDB DEFAULT CHARSET=utf8mb4 COLLATE=utf8mb4_general_ci;

--
-- Volcado de datos para la tabla `colores`
--

INSERT INTO `colores` (`id`, `nombre`) VALUES
(6, 'Rojo'),
(7, 'Azul'),
(8, 'Negro'),
(9, 'Blanco'),
(10, 'Gris');

--
-- Disparadores `colores`
--
DELIMITER $$
CREATE TRIGGER `after_color_insert` AFTER INSERT ON `colores` FOR EACH ROW BEGIN
    CALL generate_combinations();
END
$$
DELIMITER ;

-- --------------------------------------------------------

--
-- Estructura de tabla para la tabla `materiales`
--

CREATE TABLE `materiales` (
  `id` int(11) NOT NULL,
  `nombre` varchar(50) NOT NULL
) ENGINE=InnoDB DEFAULT CHARSET=utf8mb4 COLLATE=utf8mb4_general_ci;

--
-- Volcado de datos para la tabla `materiales`
--

INSERT INTO `materiales` (`id`, `nombre`) VALUES
(3, 'Metal'),
(4, 'Melamina');

--
-- Disparadores `materiales`
--
DELIMITER $$
CREATE TRIGGER `after_material_insert` AFTER INSERT ON `materiales` FOR EACH ROW BEGIN
    CALL generate_combinations();
END
$$
DELIMITER ;

-- --------------------------------------------------------

--
-- Estructura de tabla para la tabla `persona`
--

CREATE TABLE `persona` (
  `id` int(11) NOT NULL,
  `nombre` varchar(20) DEFAULT NULL,
  `apellido` varchar(20) DEFAULT NULL,
  `ci` varchar(20) DEFAULT NULL,
  `genero` varchar(20) DEFAULT NULL,
  `email` varchar(20) DEFAULT NULL,
  `telefono` int(11) DEFAULT NULL,
  `direccion` varchar(20) DEFAULT NULL,
  `fecha_nac` date DEFAULT NULL
) ENGINE=InnoDB DEFAULT CHARSET=utf8mb4 COLLATE=utf8mb4_general_ci;

--
-- Volcado de datos para la tabla `persona`
--

INSERT INTO `persona` (`id`, `nombre`, `apellido`, `ci`, `genero`, `email`, `telefono`, `direccion`, `fecha_nac`) VALUES
(1, 'Juan', 'Perez', '12345678', 'Masculino', 'juan.perez@example.c', 123456789, 'Direccion 1', '1980-01-01'),
(2, 'Maria', 'Lopez', '23456789', 'Femenino', 'maria.lopez@example.', 987654321, 'Direccion 2', '1990-02-02'),
(3, 'Carlos', 'Gomez', '34567890', 'Masculino', 'carlos.gomez@example', 564738291, 'Direccion 3', '1985-03-03');

-- --------------------------------------------------------

--
-- Estructura de tabla para la tabla `producto_combinaciones`
--

CREATE TABLE `producto_combinaciones` (
  `id` int(11) NOT NULL,
  `tipo_id` int(11) DEFAULT NULL,
  `color_id` int(11) DEFAULT NULL,
  `material_id` int(11) DEFAULT NULL,
  `agregado_id` int(11) DEFAULT NULL,
  `stock` int(11) NOT NULL,
  `precioU` varchar(22) NOT NULL
) ENGINE=InnoDB DEFAULT CHARSET=utf8mb4 COLLATE=utf8mb4_general_ci;

--
-- Volcado de datos para la tabla `producto_combinaciones`
--

INSERT INTO `producto_combinaciones` (`id`, `tipo_id`, `color_id`, `material_id`, `agregado_id`, `stock`, `precioU`) VALUES
(1, 69, 6, 3, 45, 0, '0'),
(2, 69, 6, 3, 46, 0, '0'),
(3, 69, 6, 3, 47, 0, '0'),
(4, 69, 6, 3, 48, 0, '0'),
(5, 69, 6, 3, -1, 0, '0'),
(6, 69, 6, 4, 45, 0, '0'),
(7, 69, 6, 4, 46, 0, '0'),
(8, 69, 6, 4, 47, 0, '0'),
(9, 69, 6, 4, 48, 0, '0'),
(10, 69, 6, 4, -1, 0, '0'),
(11, 69, 7, 3, 45, 0, '0'),
(12, 69, 7, 3, 46, 0, '0'),
(13, 69, 7, 3, 47, 0, '0'),
(14, 69, 7, 3, 48, 0, '0'),
(15, 69, 7, 3, -1, 0, '0'),
(16, 69, 7, 4, 45, 0, '0'),
(17, 69, 7, 4, 46, 0, '0'),
(18, 69, 7, 4, 47, 0, '0'),
(19, 69, 7, 4, 48, 0, '0'),
(20, 69, 7, 4, -1, 0, '0'),
(21, 69, 8, 3, 45, 0, '0'),
(22, 69, 8, 3, 46, 0, '0'),
(23, 69, 8, 3, 47, 0, '0'),
(24, 69, 8, 3, 48, 0, '0'),
(25, 69, 8, 3, -1, 0, '0'),
(26, 69, 8, 4, 45, 0, '0'),
(27, 69, 8, 4, 46, 0, '0'),
(28, 69, 8, 4, 47, 0, '0'),
(29, 69, 8, 4, 48, 0, '0'),
(30, 69, 8, 4, -1, 0, '0'),
(31, 69, 9, 3, 45, 0, '0'),
(32, 69, 9, 3, 46, 0, '0'),
(33, 69, 9, 3, 47, 0, '0'),
(34, 69, 9, 3, 48, 0, '0'),
(35, 69, 9, 3, -1, 0, '0'),
(36, 69, 9, 4, 45, 0, '0'),
(37, 69, 9, 4, 46, 0, '0'),
(38, 69, 9, 4, 47, 0, '0'),
(39, 69, 9, 4, 48, 0, '0'),
(40, 69, 9, 4, -1, 0, '0'),
(41, 69, 10, 3, 45, 0, '0'),
(42, 69, 10, 3, 46, 0, '0'),
(43, 69, 10, 3, 47, 0, '0'),
(44, 69, 10, 3, 48, 0, '0'),
(45, 69, 10, 3, -1, 0, '0'),
(46, 69, 10, 4, 45, 0, '0'),
(47, 69, 10, 4, 46, 0, '0'),
(48, 69, 10, 4, 47, 0, '0'),
(49, 69, 10, 4, 48, 0, '0'),
(50, 69, 10, 4, -1, 0, '0'),
(51, 70, 6, 3, 45, 0, '0'),
(52, 70, 6, 3, 46, 0, '0'),
(53, 70, 6, 3, 47, 0, '0'),
(54, 70, 6, 3, 48, 0, '0'),
(55, 70, 6, 3, -1, 0, '0'),
(56, 70, 6, 4, 45, 0, '0'),
(57, 70, 6, 4, 46, 0, '0'),
(58, 70, 6, 4, 47, 0, '0'),
(59, 70, 6, 4, 48, 0, '0'),
(60, 70, 6, 4, -1, 0, '0'),
(61, 70, 7, 3, 45, 0, '0'),
(62, 70, 7, 3, 46, 0, '0'),
(63, 70, 7, 3, 47, 0, '0'),
(64, 70, 7, 3, 48, 0, '0'),
(65, 70, 7, 3, -1, 0, '0'),
(66, 70, 7, 4, 45, 0, '0'),
(67, 70, 7, 4, 46, 0, '0'),
(68, 70, 7, 4, 47, 0, '0'),
(69, 70, 7, 4, 48, 0, '0'),
(70, 70, 7, 4, -1, 0, '0'),
(71, 70, 8, 3, 45, 0, '0'),
(72, 70, 8, 3, 46, 0, '0'),
(73, 70, 8, 3, 47, 0, '0'),
(74, 70, 8, 3, 48, 0, '0'),
(75, 70, 8, 3, -1, 0, '0'),
(76, 70, 8, 4, 45, 0, '0'),
(77, 70, 8, 4, 46, 0, '0'),
(78, 70, 8, 4, 47, 0, '0'),
(79, 70, 8, 4, 48, 0, '0'),
(80, 70, 8, 4, -1, 0, '0'),
(81, 70, 9, 3, 45, 0, '0'),
(82, 70, 9, 3, 46, 0, '0'),
(83, 70, 9, 3, 47, 0, '0'),
(84, 70, 9, 3, 48, 0, '0'),
(85, 70, 9, 3, -1, 0, '0'),
(86, 70, 9, 4, 45, 0, '0'),
(87, 70, 9, 4, 46, 0, '0'),
(88, 70, 9, 4, 47, 0, '0'),
(89, 70, 9, 4, 48, 0, '0'),
(90, 70, 9, 4, -1, 0, '0'),
(91, 70, 10, 3, 45, 0, '0'),
(92, 70, 10, 3, 46, 0, '0'),
(93, 70, 10, 3, 47, 0, '0'),
(94, 70, 10, 3, 48, 0, '0'),
(95, 70, 10, 3, -1, 0, '0'),
(96, 70, 10, 4, 45, 0, '0'),
(97, 70, 10, 4, 46, 0, '0'),
(98, 70, 10, 4, 47, 0, '0'),
(99, 70, 10, 4, 48, 0, '0'),
(100, 70, 10, 4, -1, 0, '0'),
(101, 71, 6, 3, 45, 0, '0'),
(102, 71, 6, 3, 46, 0, '0'),
(103, 71, 6, 3, 47, 0, '0'),
(104, 71, 6, 3, 48, 0, '0'),
(105, 71, 6, 3, -1, 0, '0'),
(106, 71, 6, 4, 45, 0, '0'),
(107, 71, 6, 4, 46, 0, '0'),
(108, 71, 6, 4, 47, 0, '0'),
(109, 71, 6, 4, 48, 0, '0'),
(110, 71, 6, 4, -1, 0, '0'),
(111, 71, 7, 3, 45, 0, '0'),
(112, 71, 7, 3, 46, 0, '0'),
(113, 71, 7, 3, 47, 0, '0'),
(114, 71, 7, 3, 48, 0, '0'),
(115, 71, 7, 3, -1, 0, '0'),
(116, 71, 7, 4, 45, 0, '0'),
(117, 71, 7, 4, 46, 0, '0'),
(118, 71, 7, 4, 47, 0, '0'),
(119, 71, 7, 4, 48, 0, '0'),
(120, 71, 7, 4, -1, 0, '0'),
(121, 71, 8, 3, 45, 0, '0'),
(122, 71, 8, 3, 46, 0, '0'),
(123, 71, 8, 3, 47, 0, '0'),
(124, 71, 8, 3, 48, 0, '0'),
(125, 71, 8, 3, -1, 0, '0'),
(126, 71, 8, 4, 45, 0, '0'),
(127, 71, 8, 4, 46, 0, '0'),
(128, 71, 8, 4, 47, 0, '0'),
(129, 71, 8, 4, 48, 0, '0'),
(130, 71, 8, 4, -1, 0, '0'),
(131, 71, 9, 3, 45, 0, '0'),
(132, 71, 9, 3, 46, 0, '0'),
(133, 71, 9, 3, 47, 0, '0'),
(134, 71, 9, 3, 48, 0, '0'),
(135, 71, 9, 3, -1, 0, '0'),
(136, 71, 9, 4, 45, 0, '0'),
(137, 71, 9, 4, 46, 0, '0'),
(138, 71, 9, 4, 47, 0, '0'),
(139, 71, 9, 4, 48, 0, '0'),
(140, 71, 9, 4, -1, 0, '0'),
(141, 71, 10, 3, 45, 0, '0'),
(142, 71, 10, 3, 46, 0, '0'),
(143, 71, 10, 3, 47, 0, '0'),
(144, 71, 10, 3, 48, 0, '0'),
(145, 71, 10, 3, -1, 0, '0'),
(146, 71, 10, 4, 45, 0, '0'),
(147, 71, 10, 4, 46, 0, '0'),
(148, 71, 10, 4, 47, 0, '0'),
(149, 71, 10, 4, 48, 0, '0'),
(150, 71, 10, 4, -1, 0, '0'),
(151, 72, 6, 3, 45, 0, '0'),
(152, 72, 6, 3, 46, 0, '0'),
(153, 72, 6, 3, 47, 0, '0'),
(154, 72, 6, 3, 48, 0, '0'),
(155, 72, 6, 3, -1, 0, '0'),
(156, 72, 6, 4, 45, 0, '0'),
(157, 72, 6, 4, 46, 0, '0'),
(158, 72, 6, 4, 47, 0, '0'),
(159, 72, 6, 4, 48, 0, '0'),
(160, 72, 6, 4, -1, 0, '0'),
(161, 72, 7, 3, 45, 0, '0'),
(162, 72, 7, 3, 46, 0, '0'),
(163, 72, 7, 3, 47, 0, '0'),
(164, 72, 7, 3, 48, 0, '0'),
(165, 72, 7, 3, -1, 0, '0'),
(166, 72, 7, 4, 45, 0, '0'),
(167, 72, 7, 4, 46, 0, '0'),
(168, 72, 7, 4, 47, 0, '0'),
(169, 72, 7, 4, 48, 0, '0'),
(170, 72, 7, 4, -1, 0, '0'),
(171, 72, 8, 3, 45, 0, '0'),
(172, 72, 8, 3, 46, 0, '0'),
(173, 72, 8, 3, 47, 0, '0'),
(174, 72, 8, 3, 48, 0, '0'),
(175, 72, 8, 3, -1, 0, '0'),
(176, 72, 8, 4, 45, 0, '0'),
(177, 72, 8, 4, 46, 0, '0'),
(178, 72, 8, 4, 47, 0, '0'),
(179, 72, 8, 4, 48, 0, '0'),
(180, 72, 8, 4, -1, 0, '0'),
(181, 72, 9, 3, 45, 0, '0'),
(182, 72, 9, 3, 46, 0, '0'),
(183, 72, 9, 3, 47, 0, '0'),
(184, 72, 9, 3, 48, 0, '0'),
(185, 72, 9, 3, -1, 0, '0'),
(186, 72, 9, 4, 45, 0, '0'),
(187, 72, 9, 4, 46, 0, '0'),
(188, 72, 9, 4, 47, 0, '0'),
(189, 72, 9, 4, 48, 0, '0'),
(190, 72, 9, 4, -1, 0, '0'),
(191, 72, 10, 3, 45, 0, '0'),
(192, 72, 10, 3, 46, 0, '0'),
(193, 72, 10, 3, 47, 0, '0'),
(194, 72, 10, 3, 48, 0, '0'),
(195, 72, 10, 3, -1, 0, '0'),
(196, 72, 10, 4, 45, 0, '0'),
(197, 72, 10, 4, 46, 0, '0'),
(198, 72, 10, 4, 47, 0, '0'),
(199, 72, 10, 4, 48, 0, '0'),
(200, 72, 10, 4, -1, 0, '0'),
(201, 73, 6, 3, 45, 0, '0'),
(202, 73, 6, 3, 46, 0, '0'),
(203, 73, 6, 3, 47, 0, '0'),
(204, 73, 6, 3, 48, 0, '0'),
(205, 73, 6, 3, -1, 0, '0'),
(206, 73, 6, 4, 45, 0, '0'),
(207, 73, 6, 4, 46, 0, '0'),
(208, 73, 6, 4, 47, 0, '0'),
(209, 73, 6, 4, 48, 0, '0'),
(210, 73, 6, 4, -1, 0, '0'),
(211, 73, 7, 3, 45, 0, '0'),
(212, 73, 7, 3, 46, 0, '0'),
(213, 73, 7, 3, 47, 0, '0'),
(214, 73, 7, 3, 48, 0, '0'),
(215, 73, 7, 3, -1, 0, '0'),
(216, 73, 7, 4, 45, 0, '0'),
(217, 73, 7, 4, 46, 0, '0'),
(218, 73, 7, 4, 47, 0, '0'),
(219, 73, 7, 4, 48, 0, '0'),
(220, 73, 7, 4, -1, 0, '0'),
(221, 73, 8, 3, 45, 0, '0'),
(222, 73, 8, 3, 46, 0, '0'),
(223, 73, 8, 3, 47, 0, '0'),
(224, 73, 8, 3, 48, 0, '0'),
(225, 73, 8, 3, -1, 0, '0'),
(226, 73, 8, 4, 45, 0, '0'),
(227, 73, 8, 4, 46, 0, '0'),
(228, 73, 8, 4, 47, 0, '0'),
(229, 73, 8, 4, 48, 0, '0'),
(230, 73, 8, 4, -1, 0, '0'),
(231, 73, 9, 3, 45, 0, '0'),
(232, 73, 9, 3, 46, 0, '0'),
(233, 73, 9, 3, 47, 0, '0'),
(234, 73, 9, 3, 48, 0, '0'),
(235, 73, 9, 3, -1, 0, '0'),
(236, 73, 9, 4, 45, 0, '0'),
(237, 73, 9, 4, 46, 0, '0'),
(238, 73, 9, 4, 47, 0, '0'),
(239, 73, 9, 4, 48, 0, '0'),
(240, 73, 9, 4, -1, 0, '0'),
(241, 73, 10, 3, 45, 0, '0'),
(242, 73, 10, 3, 46, 0, '0'),
(243, 73, 10, 3, 47, 0, '0'),
(244, 73, 10, 3, 48, 0, '0'),
(245, 73, 10, 3, -1, 0, '0'),
(246, 73, 10, 4, 45, 0, '0'),
(247, 73, 10, 4, 46, 0, '0'),
(248, 73, 10, 4, 47, 0, '0'),
(249, 73, 10, 4, 48, 0, '0'),
(250, 73, 10, 4, -1, 0, '0'),
(251, 74, 6, 3, 45, 0, '0'),
(252, 74, 6, 3, 46, 0, '0'),
(253, 74, 6, 3, 47, 0, '0'),
(254, 74, 6, 3, 48, 0, '0'),
(255, 74, 6, 3, -1, 0, '0'),
(256, 74, 6, 4, 45, 0, '0'),
(257, 74, 6, 4, 46, 0, '0'),
(258, 74, 6, 4, 47, 0, '0'),
(259, 74, 6, 4, 48, 0, '0'),
(260, 74, 6, 4, -1, 0, '0'),
(261, 74, 7, 3, 45, 0, '0'),
(262, 74, 7, 3, 46, 0, '0'),
(263, 74, 7, 3, 47, 0, '0'),
(264, 74, 7, 3, 48, 0, '0'),
(265, 74, 7, 3, -1, 0, '0'),
(266, 74, 7, 4, 45, 0, '0'),
(267, 74, 7, 4, 46, 0, '0'),
(268, 74, 7, 4, 47, 0, '0'),
(269, 74, 7, 4, 48, 0, '0'),
(270, 74, 7, 4, -1, 0, '0'),
(271, 74, 8, 3, 45, 0, '0'),
(272, 74, 8, 3, 46, 0, '0'),
(273, 74, 8, 3, 47, 0, '0'),
(274, 74, 8, 3, 48, 0, '0'),
(275, 74, 8, 3, -1, 0, '0'),
(276, 74, 8, 4, 45, 0, '0'),
(277, 74, 8, 4, 46, 0, '0'),
(278, 74, 8, 4, 47, 0, '0'),
(279, 74, 8, 4, 48, 0, '0'),
(280, 74, 8, 4, -1, 0, '0'),
(281, 74, 9, 3, 45, 0, '0'),
(282, 74, 9, 3, 46, 0, '0'),
(283, 74, 9, 3, 47, 0, '0'),
(284, 74, 9, 3, 48, 0, '0'),
(285, 74, 9, 3, -1, 0, '0'),
(286, 74, 9, 4, 45, 0, '0'),
(287, 74, 9, 4, 46, 0, '0'),
(288, 74, 9, 4, 47, 0, '0'),
(289, 74, 9, 4, 48, 0, '0'),
(290, 74, 9, 4, -1, 0, '0'),
(291, 74, 10, 3, 45, 0, '0'),
(292, 74, 10, 3, 46, 0, '0'),
(293, 74, 10, 3, 47, 0, '0'),
(294, 74, 10, 3, 48, 0, '0'),
(295, 74, 10, 3, -1, 0, '0'),
(296, 74, 10, 4, 45, 0, '0'),
(297, 74, 10, 4, 46, 0, '0'),
(298, 74, 10, 4, 47, 0, '0'),
(299, 74, 10, 4, 48, 0, '0'),
(300, 74, 10, 4, -1, 0, '0'),
(301, 75, 6, 3, -1, 0, '0'),
(302, 75, 6, 4, -1, 0, '0'),
(303, 75, 7, 3, -1, 0, '0'),
(304, 75, 7, 4, -1, 0, '0'),
(305, 75, 8, 3, -1, 0, '0'),
(306, 75, 8, 4, -1, 0, '0'),
(307, 75, 9, 3, -1, 0, '0'),
(308, 75, 9, 4, -1, 0, '0'),
(309, 75, 10, 3, -1, 0, '0'),
(310, 75, 10, 4, -1, 0, '0'),
(311, 76, 6, 3, -1, 0, '0'),
(312, 76, 6, 4, -1, 0, '0'),
(313, 76, 7, 3, -1, 0, '0'),
(314, 76, 7, 4, -1, 0, '0'),
(315, 76, 8, 3, -1, 0, '0'),
(316, 76, 8, 4, -1, 0, '0'),
(317, 76, 9, 3, -1, 0, '0'),
(318, 76, 9, 4, -1, 0, '0'),
(319, 76, 10, 3, -1, 0, '0'),
(320, 76, 10, 4, -1, 0, '0'),
(321, 77, 6, 3, -1, 0, '0'),
(322, 77, 6, 4, -1, 0, '0'),
(323, 77, 7, 3, -1, 0, '0'),
(324, 77, 7, 4, -1, 0, '0'),
(325, 77, 8, 3, -1, 0, '0'),
(326, 77, 8, 4, -1, 0, '0'),
(327, 77, 9, 3, -1, 0, '0'),
(328, 77, 9, 4, -1, 0, '0'),
(329, 77, 10, 3, -1, 0, '0'),
(330, 77, 10, 4, -1, 0, '0'),
(331, 78, 6, 3, -1, 0, '0'),
(332, 78, 6, 4, -1, 0, '0'),
(333, 78, 7, 3, -1, 0, '0'),
(334, 78, 7, 4, -1, 0, '0'),
(335, 78, 8, 3, -1, 0, '0'),
(336, 78, 8, 4, -1, 0, '0'),
(337, 78, 9, 3, -1, 0, '0'),
(338, 78, 9, 4, -1, 0, '0'),
(339, 78, 10, 3, -1, 0, '0'),
(340, 78, 10, 4, -1, 0, '0'),
(341, 79, 6, 3, -1, 0, '0'),
(342, 79, 6, 4, -1, 0, '0'),
(343, 79, 7, 3, -1, 0, '0'),
(344, 79, 7, 4, -1, 0, '0'),
(345, 79, 8, 3, -1, 0, '0'),
(346, 79, 8, 4, -1, 0, '0'),
(347, 79, 9, 3, -1, 0, '0'),
(348, 79, 9, 4, -1, 0, '0'),
(349, 79, 10, 3, -1, 0, '0'),
(350, 79, 10, 4, -1, 0, '0'),
(351, 80, 6, 3, 53, 0, '0'),
(352, 80, 6, 3, 54, 0, '0'),
(353, 80, 6, 3, 55, 0, '0'),
(354, 80, 6, 3, 56, 0, '0'),
(355, 80, 6, 3, -1, 0, '0'),
(356, 80, 6, 4, 53, 0, '0'),
(357, 80, 6, 4, 54, 0, '0'),
(358, 80, 6, 4, 55, 0, '0'),
(359, 80, 6, 4, 56, 0, '0'),
(360, 80, 6, 4, -1, 0, '0'),
(361, 80, 7, 3, 53, 0, '0'),
(362, 80, 7, 3, 54, 0, '0'),
(363, 80, 7, 3, 55, 0, '0'),
(364, 80, 7, 3, 56, 0, '0'),
(365, 80, 7, 3, -1, 0, '0'),
(366, 80, 7, 4, 53, 0, '0'),
(367, 80, 7, 4, 54, 0, '0'),
(368, 80, 7, 4, 55, 0, '0'),
(369, 80, 7, 4, 56, 0, '0'),
(370, 80, 7, 4, -1, 0, '0'),
(371, 80, 8, 3, 53, 0, '0'),
(372, 80, 8, 3, 54, 0, '0'),
(373, 80, 8, 3, 55, 0, '0'),
(374, 80, 8, 3, 56, 0, '0'),
(375, 80, 8, 3, -1, 0, '0'),
(376, 80, 8, 4, 53, 0, '0'),
(377, 80, 8, 4, 54, 0, '0'),
(378, 80, 8, 4, 55, 0, '0'),
(379, 80, 8, 4, 56, 0, '0'),
(380, 80, 8, 4, -1, 0, '0'),
(381, 80, 9, 3, 53, 0, '0'),
(382, 80, 9, 3, 54, 0, '0'),
(383, 80, 9, 3, 55, 0, '0'),
(384, 80, 9, 3, 56, 0, '0'),
(385, 80, 9, 3, -1, 0, '0'),
(386, 80, 9, 4, 53, 0, '0'),
(387, 80, 9, 4, 54, 0, '0'),
(388, 80, 9, 4, 55, 0, '0'),
(389, 80, 9, 4, 56, 0, '0'),
(390, 80, 9, 4, -1, 0, '0'),
(391, 80, 10, 3, 53, 0, '0'),
(392, 80, 10, 3, 54, 0, '0'),
(393, 80, 10, 3, 55, 0, '0'),
(394, 80, 10, 3, 56, 0, '0'),
(395, 80, 10, 3, -1, 0, '0'),
(396, 80, 10, 4, 53, 0, '0'),
(397, 80, 10, 4, 54, 0, '0'),
(398, 80, 10, 4, 55, 0, '0'),
(399, 80, 10, 4, 56, 0, '0'),
(400, 80, 10, 4, -1, 0, '0'),
(401, 81, 6, 3, -1, 0, '0'),
(402, 81, 6, 4, -1, 0, '0'),
(403, 81, 7, 3, -1, 0, '0'),
(404, 81, 7, 4, -1, 0, '0'),
(405, 81, 8, 3, -1, 0, '0'),
(406, 81, 8, 4, -1, 0, '0'),
(407, 81, 9, 3, -1, 0, '0'),
(408, 81, 9, 4, -1, 0, '0'),
(409, 81, 10, 3, -1, 0, '0'),
(410, 81, 10, 4, -1, 0, '0'),
(411, 82, 6, 3, 53, 0, '0'),
(412, 82, 6, 3, 54, 0, '0'),
(413, 82, 6, 3, 55, 0, '0'),
(414, 82, 6, 3, 56, 0, '0'),
(415, 82, 6, 3, -1, 0, '0'),
(416, 82, 6, 4, 53, 0, '0'),
(417, 82, 6, 4, 54, 0, '0'),
(418, 82, 6, 4, 55, 0, '0'),
(419, 82, 6, 4, 56, 0, '0'),
(420, 82, 6, 4, -1, 0, '0'),
(421, 82, 7, 3, 53, 0, '0'),
(422, 82, 7, 3, 54, 0, '0'),
(423, 82, 7, 3, 55, 0, '0'),
(424, 82, 7, 3, 56, 0, '0'),
(425, 82, 7, 3, -1, 0, '0'),
(426, 82, 7, 4, 53, 0, '0'),
(427, 82, 7, 4, 54, 0, '0'),
(428, 82, 7, 4, 55, 0, '0'),
(429, 82, 7, 4, 56, 0, '0'),
(430, 82, 7, 4, -1, 0, '0'),
(431, 82, 8, 3, 53, 0, '0'),
(432, 82, 8, 3, 54, 0, '0'),
(433, 82, 8, 3, 55, 0, '0'),
(434, 82, 8, 3, 56, 0, '0'),
(435, 82, 8, 3, -1, 0, '0'),
(436, 82, 8, 4, 53, 0, '0'),
(437, 82, 8, 4, 54, 0, '0'),
(438, 82, 8, 4, 55, 0, '0'),
(439, 82, 8, 4, 56, 0, '0'),
(440, 82, 8, 4, -1, 0, '0'),
(441, 82, 9, 3, 53, 0, '0'),
(442, 82, 9, 3, 54, 0, '0'),
(443, 82, 9, 3, 55, 0, '0'),
(444, 82, 9, 3, 56, 0, '0'),
(445, 82, 9, 3, -1, 0, '0'),
(446, 82, 9, 4, 53, 0, '0'),
(447, 82, 9, 4, 54, 0, '0'),
(448, 82, 9, 4, 55, 0, '0'),
(449, 82, 9, 4, 56, 0, '0'),
(450, 82, 9, 4, -1, 0, '0'),
(451, 82, 10, 3, 53, 0, '0'),
(452, 82, 10, 3, 54, 0, '0'),
(453, 82, 10, 3, 55, 0, '0'),
(454, 82, 10, 3, 56, 0, '0'),
(455, 82, 10, 3, -1, 0, '0'),
(456, 82, 10, 4, 53, 0, '0'),
(457, 82, 10, 4, 54, 0, '0'),
(458, 82, 10, 4, 55, 0, '0'),
(459, 82, 10, 4, 56, 0, '0'),
(460, 82, 10, 4, -1, 0, '0'),
(461, 83, 6, 3, -1, 0, '0'),
(462, 83, 6, 4, -1, 0, '0'),
(463, 83, 7, 3, -1, 0, '0'),
(464, 83, 7, 4, -1, 0, '0'),
(465, 83, 8, 3, -1, 0, '0'),
(466, 83, 8, 4, -1, 0, '0'),
(467, 83, 9, 3, -1, 0, '0'),
(468, 83, 9, 4, -1, 0, '0'),
(469, 83, 10, 3, -1, 0, '0'),
(470, 83, 10, 4, -1, 0, '0'),
(471, 84, 6, 3, -1, 0, '0'),
(472, 84, 6, 4, -1, 0, '0'),
(473, 84, 7, 3, -1, 0, '0'),
(474, 84, 7, 4, -1, 0, '0'),
(475, 84, 8, 3, -1, 0, '0'),
(476, 84, 8, 4, -1, 0, '0'),
(477, 84, 9, 3, -1, 0, '0'),
(478, 84, 9, 4, -1, 0, '0'),
(479, 84, 10, 3, -1, 0, '0'),
(480, 84, 10, 4, -1, 0, '0'),
(481, 85, 6, 3, 53, 0, '0'),
(482, 85, 6, 3, 54, 0, '0'),
(483, 85, 6, 3, 55, 0, '0'),
(484, 85, 6, 3, 56, 0, '0'),
(485, 85, 6, 3, -1, 0, '0'),
(486, 85, 6, 4, 53, 0, '0'),
(487, 85, 6, 4, 54, 0, '0'),
(488, 85, 6, 4, 55, 0, '0'),
(489, 85, 6, 4, 56, 0, '0'),
(490, 85, 6, 4, -1, 0, '0'),
(491, 85, 7, 3, 53, 0, '0'),
(492, 85, 7, 3, 54, 0, '0'),
(493, 85, 7, 3, 55, 0, '0'),
(494, 85, 7, 3, 56, 0, '0'),
(495, 85, 7, 3, -1, 0, '0'),
(496, 85, 7, 4, 53, 0, '0'),
(497, 85, 7, 4, 54, 0, '0'),
(498, 85, 7, 4, 55, 0, '0'),
(499, 85, 7, 4, 56, 0, '0'),
(500, 85, 7, 4, -1, 0, '0'),
(501, 85, 8, 3, 53, 0, '0'),
(502, 85, 8, 3, 54, 0, '0'),
(503, 85, 8, 3, 55, 0, '0'),
(504, 85, 8, 3, 56, 0, '0'),
(505, 85, 8, 3, -1, 0, '0'),
(506, 85, 8, 4, 53, 0, '0'),
(507, 85, 8, 4, 54, 0, '0'),
(508, 85, 8, 4, 55, 0, '0'),
(509, 85, 8, 4, 56, 0, '0'),
(510, 85, 8, 4, -1, 0, '0'),
(511, 85, 9, 3, 53, 0, '0'),
(512, 85, 9, 3, 54, 0, '0'),
(513, 85, 9, 3, 55, 0, '0'),
(514, 85, 9, 3, 56, 0, '0'),
(515, 85, 9, 3, -1, 0, '0'),
(516, 85, 9, 4, 53, 0, '0'),
(517, 85, 9, 4, 54, 0, '0'),
(518, 85, 9, 4, 55, 0, '0'),
(519, 85, 9, 4, 56, 0, '0'),
(520, 85, 9, 4, -1, 0, '0'),
(521, 85, 10, 3, 53, 0, '0'),
(522, 85, 10, 3, 54, 0, '0'),
(523, 85, 10, 3, 55, 0, '0'),
(524, 85, 10, 3, 56, 0, '0'),
(525, 85, 10, 3, -1, 0, '0'),
(526, 85, 10, 4, 53, 0, '0'),
(527, 85, 10, 4, 54, 0, '0'),
(528, 85, 10, 4, 55, 0, '0'),
(529, 85, 10, 4, 56, 0, '0'),
(530, 85, 10, 4, -1, 0, '0'),
(531, 86, 6, 3, -1, 0, '0'),
(532, 86, 6, 4, -1, 0, '0'),
(533, 86, 7, 3, -1, 0, '0'),
(534, 86, 7, 4, -1, 0, '0'),
(535, 86, 8, 3, -1, 0, '0'),
(536, 86, 8, 4, -1, 0, '0'),
(537, 86, 9, 3, -1, 0, '0'),
(538, 86, 9, 4, -1, 0, '0'),
(539, 86, 10, 3, -1, 0, '0'),
(540, 86, 10, 4, -1, 0, '0'),
(541, 87, 6, 3, 53, 0, '0'),
(542, 87, 6, 3, 54, 0, '0'),
(543, 87, 6, 3, 55, 0, '0'),
(544, 87, 6, 3, 56, 0, '0'),
(545, 87, 6, 3, -1, 0, '0'),
(546, 87, 6, 4, 53, 0, '0'),
(547, 87, 6, 4, 54, 0, '0'),
(548, 87, 6, 4, 55, 0, '0'),
(549, 87, 6, 4, 56, 0, '0'),
(550, 87, 6, 4, -1, 0, '0'),
(551, 87, 7, 3, 53, 0, '0'),
(552, 87, 7, 3, 54, 0, '0'),
(553, 87, 7, 3, 55, 0, '0'),
(554, 87, 7, 3, 56, 0, '0'),
(555, 87, 7, 3, -1, 0, '0'),
(556, 87, 7, 4, 53, 0, '0'),
(557, 87, 7, 4, 54, 0, '0'),
(558, 87, 7, 4, 55, 0, '0'),
(559, 87, 7, 4, 56, 0, '0'),
(560, 87, 7, 4, -1, 0, '0'),
(561, 87, 8, 3, 53, 0, '0'),
(562, 87, 8, 3, 54, 0, '0'),
(563, 87, 8, 3, 55, 0, '0'),
(564, 87, 8, 3, 56, 0, '0'),
(565, 87, 8, 3, -1, 0, '0'),
(566, 87, 8, 4, 53, 0, '0'),
(567, 87, 8, 4, 54, 0, '0'),
(568, 87, 8, 4, 55, 0, '0'),
(569, 87, 8, 4, 56, 0, '0'),
(570, 87, 8, 4, -1, 0, '0'),
(571, 87, 9, 3, 53, 0, '0'),
(572, 87, 9, 3, 54, 0, '0'),
(573, 87, 9, 3, 55, 0, '0'),
(574, 87, 9, 3, 56, 0, '0'),
(575, 87, 9, 3, -1, 0, '0'),
(576, 87, 9, 4, 53, 0, '0'),
(577, 87, 9, 4, 54, 0, '0'),
(578, 87, 9, 4, 55, 0, '0'),
(579, 87, 9, 4, 56, 0, '0'),
(580, 87, 9, 4, -1, 0, '0'),
(581, 87, 10, 3, 53, 0, '0'),
(582, 87, 10, 3, 54, 0, '0'),
(583, 87, 10, 3, 55, 0, '0'),
(584, 87, 10, 3, 56, 0, '0'),
(585, 87, 10, 3, -1, 0, '0'),
(586, 87, 10, 4, 53, 0, '0'),
(587, 87, 10, 4, 54, 0, '0'),
(588, 87, 10, 4, 55, 0, '0'),
(589, 87, 10, 4, 56, 0, '0'),
(590, 87, 10, 4, -1, 0, '0'),
(591, 88, 6, 3, 53, 0, '0'),
(592, 88, 6, 3, 54, 0, '0'),
(593, 88, 6, 3, 55, 0, '0'),
(594, 88, 6, 3, 56, 0, '0'),
(595, 88, 6, 3, -1, 0, '0'),
(596, 88, 6, 4, 53, 0, '0'),
(597, 88, 6, 4, 54, 0, '0'),
(598, 88, 6, 4, 55, 0, '0'),
(599, 88, 6, 4, 56, 0, '0'),
(600, 88, 6, 4, -1, 0, '0'),
(601, 88, 7, 3, 53, 0, '0'),
(602, 88, 7, 3, 54, 0, '0'),
(603, 88, 7, 3, 55, 0, '0'),
(604, 88, 7, 3, 56, 0, '0'),
(605, 88, 7, 3, -1, 0, '0'),
(606, 88, 7, 4, 53, 0, '0'),
(607, 88, 7, 4, 54, 0, '0'),
(608, 88, 7, 4, 55, 0, '0'),
(609, 88, 7, 4, 56, 0, '0'),
(610, 88, 7, 4, -1, 0, '0'),
(611, 88, 8, 3, 53, 0, '0'),
(612, 88, 8, 3, 54, 0, '0'),
(613, 88, 8, 3, 55, 0, '0'),
(614, 88, 8, 3, 56, 0, '0'),
(615, 88, 8, 3, -1, 0, '0'),
(616, 88, 8, 4, 53, 0, '0'),
(617, 88, 8, 4, 54, 0, '0'),
(618, 88, 8, 4, 55, 0, '0'),
(619, 88, 8, 4, 56, 0, '0'),
(620, 88, 8, 4, -1, 0, '0'),
(621, 88, 9, 3, 53, 0, '0'),
(622, 88, 9, 3, 54, 0, '0'),
(623, 88, 9, 3, 55, 0, '0'),
(624, 88, 9, 3, 56, 0, '0'),
(625, 88, 9, 3, -1, 0, '0'),
(626, 88, 9, 4, 53, 0, '0'),
(627, 88, 9, 4, 54, 0, '0'),
(628, 88, 9, 4, 55, 0, '0'),
(629, 88, 9, 4, 56, 0, '0'),
(630, 88, 9, 4, -1, 0, '0'),
(631, 88, 10, 3, 53, 0, '0'),
(632, 88, 10, 3, 54, 0, '0'),
(633, 88, 10, 3, 55, 0, '0'),
(634, 88, 10, 3, 56, 0, '0'),
(635, 88, 10, 3, -1, 0, '0'),
(636, 88, 10, 4, 53, 0, '0'),
(637, 88, 10, 4, 54, 0, '0'),
(638, 88, 10, 4, 55, 0, '0'),
(639, 88, 10, 4, 56, 0, '0'),
(640, 88, 10, 4, -1, 0, '0'),
(641, 89, 6, 3, 49, 0, '0'),
(642, 89, 6, 3, 50, 0, '0'),
(643, 89, 6, 3, 51, 0, '0'),
(644, 89, 6, 3, 52, 0, '0'),
(645, 89, 6, 3, -1, 0, '0'),
(646, 89, 6, 4, 49, 0, '0'),
(647, 89, 6, 4, 50, 0, '0'),
(648, 89, 6, 4, 51, 0, '0'),
(649, 89, 6, 4, 52, 0, '0'),
(650, 89, 6, 4, -1, 0, '0'),
(651, 89, 7, 3, 49, 0, '0'),
(652, 89, 7, 3, 50, 0, '0'),
(653, 89, 7, 3, 51, 0, '0'),
(654, 89, 7, 3, 52, 0, '0'),
(655, 89, 7, 3, -1, 0, '0'),
(656, 89, 7, 4, 49, 0, '0'),
(657, 89, 7, 4, 50, 0, '0'),
(658, 89, 7, 4, 51, 0, '0'),
(659, 89, 7, 4, 52, 0, '0'),
(660, 89, 7, 4, -1, 0, '0'),
(661, 89, 8, 3, 49, 0, '0'),
(662, 89, 8, 3, 50, 0, '0'),
(663, 89, 8, 3, 51, 0, '0'),
(664, 89, 8, 3, 52, 0, '0'),
(665, 89, 8, 3, -1, 0, '0'),
(666, 89, 8, 4, 49, 0, '0'),
(667, 89, 8, 4, 50, 0, '0'),
(668, 89, 8, 4, 51, 0, '0'),
(669, 89, 8, 4, 52, 0, '0'),
(670, 89, 8, 4, -1, 0, '0'),
(671, 89, 9, 3, 49, 0, '0'),
(672, 89, 9, 3, 50, 0, '0'),
(673, 89, 9, 3, 51, 0, '0'),
(674, 89, 9, 3, 52, 0, '0'),
(675, 89, 9, 3, -1, 0, '0'),
(676, 89, 9, 4, 49, 0, '0'),
(677, 89, 9, 4, 50, 0, '0'),
(678, 89, 9, 4, 51, 0, '0'),
(679, 89, 9, 4, 52, 0, '0'),
(680, 89, 9, 4, -1, 0, '0'),
(681, 89, 10, 3, 49, 0, '0'),
(682, 89, 10, 3, 50, 0, '0'),
(683, 89, 10, 3, 51, 0, '0'),
(684, 89, 10, 3, 52, 0, '0'),
(685, 89, 10, 3, -1, 0, '0'),
(686, 89, 10, 4, 49, 0, '0'),
(687, 89, 10, 4, 50, 0, '0'),
(688, 89, 10, 4, 51, 0, '0'),
(689, 89, 10, 4, 52, 0, '0'),
(690, 89, 10, 4, -1, 0, '0'),
(691, 90, 6, 3, 49, 0, '0'),
(692, 90, 6, 3, 50, 0, '0'),
(693, 90, 6, 3, 51, 0, '0'),
(694, 90, 6, 3, 52, 0, '0'),
(695, 90, 6, 3, -1, 0, '0'),
(696, 90, 6, 4, 49, 0, '0'),
(697, 90, 6, 4, 50, 0, '0'),
(698, 90, 6, 4, 51, 0, '0'),
(699, 90, 6, 4, 52, 0, '0'),
(700, 90, 6, 4, -1, 0, '0'),
(701, 90, 7, 3, 49, 0, '0'),
(702, 90, 7, 3, 50, 0, '0'),
(703, 90, 7, 3, 51, 0, '0'),
(704, 90, 7, 3, 52, 0, '0'),
(705, 90, 7, 3, -1, 0, '0'),
(706, 90, 7, 4, 49, 0, '0'),
(707, 90, 7, 4, 50, 0, '0'),
(708, 90, 7, 4, 51, 0, '0'),
(709, 90, 7, 4, 52, 0, '0'),
(710, 90, 7, 4, -1, 0, '0'),
(711, 90, 8, 3, 49, 0, '0'),
(712, 90, 8, 3, 50, 0, '0'),
(713, 90, 8, 3, 51, 0, '0'),
(714, 90, 8, 3, 52, 0, '0'),
(715, 90, 8, 3, -1, 0, '0'),
(716, 90, 8, 4, 49, 0, '0'),
(717, 90, 8, 4, 50, 0, '0'),
(718, 90, 8, 4, 51, 0, '0'),
(719, 90, 8, 4, 52, 0, '0'),
(720, 90, 8, 4, -1, 0, '0'),
(721, 90, 9, 3, 49, 0, '0'),
(722, 90, 9, 3, 50, 0, '0'),
(723, 90, 9, 3, 51, 0, '0'),
(724, 90, 9, 3, 52, 0, '0'),
(725, 90, 9, 3, -1, 0, '0'),
(726, 90, 9, 4, 49, 0, '0'),
(727, 90, 9, 4, 50, 0, '0'),
(728, 90, 9, 4, 51, 0, '0'),
(729, 90, 9, 4, 52, 0, '0'),
(730, 90, 9, 4, -1, 0, '0'),
(731, 90, 10, 3, 49, 0, '0'),
(732, 90, 10, 3, 50, 0, '0'),
(733, 90, 10, 3, 51, 0, '0'),
(734, 90, 10, 3, 52, 0, '0'),
(735, 90, 10, 3, -1, 0, '0'),
(736, 90, 10, 4, 49, 0, '0'),
(737, 90, 10, 4, 50, 0, '0'),
(738, 90, 10, 4, 51, 0, '0'),
(739, 90, 10, 4, 52, 0, '0'),
(740, 90, 10, 4, -1, 0, '0'),
(741, 91, 6, 3, 49, 0, '0'),
(742, 91, 6, 3, 50, 0, '0'),
(743, 91, 6, 3, 51, 0, '0'),
(744, 91, 6, 3, 52, 0, '0'),
(745, 91, 6, 3, -1, 0, '0'),
(746, 91, 6, 4, 49, 0, '0'),
(747, 91, 6, 4, 50, 0, '0'),
(748, 91, 6, 4, 51, 0, '0'),
(749, 91, 6, 4, 52, 0, '0'),
(750, 91, 6, 4, -1, 0, '0'),
(751, 91, 7, 3, 49, 0, '0'),
(752, 91, 7, 3, 50, 0, '0'),
(753, 91, 7, 3, 51, 0, '0'),
(754, 91, 7, 3, 52, 0, '0'),
(755, 91, 7, 3, -1, 0, '0'),
(756, 91, 7, 4, 49, 0, '0'),
(757, 91, 7, 4, 50, 0, '0'),
(758, 91, 7, 4, 51, 0, '0'),
(759, 91, 7, 4, 52, 0, '0'),
(760, 91, 7, 4, -1, 0, '0'),
(761, 91, 8, 3, 49, 0, '0'),
(762, 91, 8, 3, 50, 0, '0'),
(763, 91, 8, 3, 51, 0, '0'),
(764, 91, 8, 3, 52, 0, '0'),
(765, 91, 8, 3, -1, 0, '0'),
(766, 91, 8, 4, 49, 0, '0'),
(767, 91, 8, 4, 50, 0, '0'),
(768, 91, 8, 4, 51, 0, '0'),
(769, 91, 8, 4, 52, 0, '0'),
(770, 91, 8, 4, -1, 0, '0'),
(771, 91, 9, 3, 49, 0, '0'),
(772, 91, 9, 3, 50, 0, '0'),
(773, 91, 9, 3, 51, 0, '0'),
(774, 91, 9, 3, 52, 0, '0'),
(775, 91, 9, 3, -1, 0, '0'),
(776, 91, 9, 4, 49, 0, '0'),
(777, 91, 9, 4, 50, 0, '0'),
(778, 91, 9, 4, 51, 0, '0'),
(779, 91, 9, 4, 52, 0, '0'),
(780, 91, 9, 4, -1, 0, '0'),
(781, 91, 10, 3, 49, 0, '0'),
(782, 91, 10, 3, 50, 0, '0'),
(783, 91, 10, 3, 51, 0, '0'),
(784, 91, 10, 3, 52, 0, '0'),
(785, 91, 10, 3, -1, 0, '0'),
(786, 91, 10, 4, 49, 0, '0'),
(787, 91, 10, 4, 50, 0, '0'),
(788, 91, 10, 4, 51, 0, '0'),
(789, 91, 10, 4, 52, 0, '0'),
(790, 91, 10, 4, -1, 0, '0'),
(791, 92, 6, 3, 69, 0, '0'),
(792, 92, 6, 3, 70, 0, '0'),
(793, 92, 6, 3, 71, 0, '0'),
(794, 92, 6, 3, 72, 0, '0'),
(795, 92, 6, 3, -1, 0, '0'),
(796, 92, 6, 4, 69, 0, '0'),
(797, 92, 6, 4, 70, 0, '0'),
(798, 92, 6, 4, 71, 0, '0'),
(799, 92, 6, 4, 72, 0, '0'),
(800, 92, 6, 4, -1, 0, '0'),
(801, 92, 7, 3, 69, 0, '0'),
(802, 92, 7, 3, 70, 0, '0'),
(803, 92, 7, 3, 71, 0, '0'),
(804, 92, 7, 3, 72, 0, '0'),
(805, 92, 7, 3, -1, 0, '0'),
(806, 92, 7, 4, 69, 0, '0'),
(807, 92, 7, 4, 70, 0, '0'),
(808, 92, 7, 4, 71, 0, '0'),
(809, 92, 7, 4, 72, 0, '0'),
(810, 92, 7, 4, -1, 0, '0'),
(811, 92, 8, 3, 69, 0, '0'),
(812, 92, 8, 3, 70, 0, '0'),
(813, 92, 8, 3, 71, 0, '0'),
(814, 92, 8, 3, 72, 0, '0'),
(815, 92, 8, 3, -1, 0, '0'),
(816, 92, 8, 4, 69, 0, '0'),
(817, 92, 8, 4, 70, 0, '0'),
(818, 92, 8, 4, 71, 0, '0'),
(819, 92, 8, 4, 72, 0, '0'),
(820, 92, 8, 4, -1, 0, '0'),
(821, 92, 9, 3, 69, 0, '0'),
(822, 92, 9, 3, 70, 0, '0'),
(823, 92, 9, 3, 71, 0, '0'),
(824, 92, 9, 3, 72, 0, '0'),
(825, 92, 9, 3, -1, 0, '0'),
(826, 92, 9, 4, 69, 0, '0'),
(827, 92, 9, 4, 70, 0, '0'),
(828, 92, 9, 4, 71, 0, '0'),
(829, 92, 9, 4, 72, 0, '0'),
(830, 92, 9, 4, -1, 0, '0'),
(831, 92, 10, 3, 69, 0, '0'),
(832, 92, 10, 3, 70, 0, '0'),
(833, 92, 10, 3, 71, 0, '0'),
(834, 92, 10, 3, 72, 0, '0'),
(835, 92, 10, 3, -1, 0, '0'),
(836, 92, 10, 4, 69, 0, '0'),
(837, 92, 10, 4, 70, 0, '0'),
(838, 92, 10, 4, 71, 0, '0'),
(839, 92, 10, 4, 72, 0, '0'),
(840, 92, 10, 4, -1, 0, '0'),
(841, 93, 6, 3, -1, 0, '0'),
(842, 93, 6, 4, -1, 0, '0'),
(843, 93, 7, 3, -1, 0, '0'),
(844, 93, 7, 4, -1, 0, '0'),
(845, 93, 8, 3, -1, 0, '0'),
(846, 93, 8, 4, -1, 0, '0'),
(847, 93, 9, 3, -1, 0, '0'),
(848, 93, 9, 4, -1, 0, '0'),
(849, 93, 10, 3, -1, 0, '0'),
(850, 93, 10, 4, -1, 0, '0'),
(851, 94, 6, 3, 69, 0, '0'),
(852, 94, 6, 3, 70, 0, '0'),
(853, 94, 6, 3, 71, 0, '0'),
(854, 94, 6, 3, 72, 0, '0'),
(855, 94, 6, 3, -1, 0, '0'),
(856, 94, 6, 4, 69, 0, '0'),
(857, 94, 6, 4, 70, 0, '0'),
(858, 94, 6, 4, 71, 0, '0'),
(859, 94, 6, 4, 72, 0, '0'),
(860, 94, 6, 4, -1, 0, '0'),
(861, 94, 7, 3, 69, 0, '0'),
(862, 94, 7, 3, 70, 0, '0'),
(863, 94, 7, 3, 71, 0, '0'),
(864, 94, 7, 3, 72, 0, '0'),
(865, 94, 7, 3, -1, 0, '0'),
(866, 94, 7, 4, 69, 0, '0'),
(867, 94, 7, 4, 70, 0, '0'),
(868, 94, 7, 4, 71, 0, '0'),
(869, 94, 7, 4, 72, 0, '0'),
(870, 94, 7, 4, -1, 0, '0'),
(871, 94, 8, 3, 69, 0, '0'),
(872, 94, 8, 3, 70, 0, '0'),
(873, 94, 8, 3, 71, 0, '0'),
(874, 94, 8, 3, 72, 0, '0'),
(875, 94, 8, 3, -1, 0, '0'),
(876, 94, 8, 4, 69, 0, '0'),
(877, 94, 8, 4, 70, 0, '0'),
(878, 94, 8, 4, 71, 0, '0'),
(879, 94, 8, 4, 72, 0, '0'),
(880, 94, 8, 4, -1, 0, '0'),
(881, 94, 9, 3, 69, 0, '0'),
(882, 94, 9, 3, 70, 0, '0'),
(883, 94, 9, 3, 71, 0, '0'),
(884, 94, 9, 3, 72, 0, '0'),
(885, 94, 9, 3, -1, 0, '0'),
(886, 94, 9, 4, 69, 0, '0'),
(887, 94, 9, 4, 70, 0, '0'),
(888, 94, 9, 4, 71, 0, '0'),
(889, 94, 9, 4, 72, 0, '0'),
(890, 94, 9, 4, -1, 0, '0'),
(891, 94, 10, 3, 69, 0, '0'),
(892, 94, 10, 3, 70, 0, '0'),
(893, 94, 10, 3, 71, 0, '0'),
(894, 94, 10, 3, 72, 0, '0'),
(895, 94, 10, 3, -1, 0, '0'),
(896, 94, 10, 4, 69, 0, '0'),
(897, 94, 10, 4, 70, 0, '0'),
(898, 94, 10, 4, 71, 0, '0'),
(899, 94, 10, 4, 72, 0, '0'),
(900, 94, 10, 4, -1, 0, '0'),
(901, 95, 6, 3, -1, 0, '0'),
(902, 95, 6, 4, -1, 0, '0'),
(903, 95, 7, 3, -1, 0, '0'),
(904, 95, 7, 4, -1, 0, '0'),
(905, 95, 8, 3, -1, 0, '0'),
(906, 95, 8, 4, -1, 0, '0'),
(907, 95, 9, 3, -1, 0, '0'),
(908, 95, 9, 4, -1, 0, '0'),
(909, 95, 10, 3, -1, 0, '0'),
(910, 95, 10, 4, -1, 0, '0'),
(911, 96, 6, 3, 69, 0, '0'),
(912, 96, 6, 3, 70, 0, '0'),
(913, 96, 6, 3, 71, 0, '0'),
(914, 96, 6, 3, 72, 0, '0'),
(915, 96, 6, 3, -1, 0, '0'),
(916, 96, 6, 4, 69, 0, '0'),
(917, 96, 6, 4, 70, 0, '0'),
(918, 96, 6, 4, 71, 0, '0'),
(919, 96, 6, 4, 72, 0, '0'),
(920, 96, 6, 4, -1, 0, '0'),
(921, 96, 7, 3, 69, 0, '0'),
(922, 96, 7, 3, 70, 0, '0'),
(923, 96, 7, 3, 71, 0, '0'),
(924, 96, 7, 3, 72, 0, '0'),
(925, 96, 7, 3, -1, 0, '0'),
(926, 96, 7, 4, 69, 0, '0'),
(927, 96, 7, 4, 70, 0, '0'),
(928, 96, 7, 4, 71, 0, '0'),
(929, 96, 7, 4, 72, 0, '0'),
(930, 96, 7, 4, -1, 0, '0'),
(931, 96, 8, 3, 69, 0, '0'),
(932, 96, 8, 3, 70, 0, '0'),
(933, 96, 8, 3, 71, 0, '0'),
(934, 96, 8, 3, 72, 0, '0'),
(935, 96, 8, 3, -1, 0, '0'),
(936, 96, 8, 4, 69, 0, '0'),
(937, 96, 8, 4, 70, 0, '0'),
(938, 96, 8, 4, 71, 0, '0'),
(939, 96, 8, 4, 72, 0, '0'),
(940, 96, 8, 4, -1, 0, '0'),
(941, 96, 9, 3, 69, 0, '0'),
(942, 96, 9, 3, 70, 0, '0'),
(943, 96, 9, 3, 71, 0, '0'),
(944, 96, 9, 3, 72, 0, '0'),
(945, 96, 9, 3, -1, 0, '0'),
(946, 96, 9, 4, 69, 0, '0'),
(947, 96, 9, 4, 70, 0, '0'),
(948, 96, 9, 4, 71, 0, '0'),
(949, 96, 9, 4, 72, 0, '0'),
(950, 96, 9, 4, -1, 0, '0'),
(951, 96, 10, 3, 69, 0, '0'),
(952, 96, 10, 3, 70, 0, '0'),
(953, 96, 10, 3, 71, 0, '0'),
(954, 96, 10, 3, 72, 0, '0'),
(955, 96, 10, 3, -1, 0, '0'),
(956, 96, 10, 4, 69, 0, '0'),
(957, 96, 10, 4, 70, 0, '0'),
(958, 96, 10, 4, 71, 0, '0'),
(959, 96, 10, 4, 72, 0, '0'),
(960, 96, 10, 4, -1, 0, '0'),
(961, 97, 6, 3, -1, 0, '0'),
(962, 97, 6, 4, -1, 0, '0'),
(963, 97, 7, 3, -1, 0, '0'),
(964, 97, 7, 4, -1, 0, '0'),
(965, 97, 8, 3, -1, 0, '0'),
(966, 97, 8, 4, -1, 0, '0'),
(967, 97, 9, 3, -1, 0, '0'),
(968, 97, 9, 4, -1, 0, '0'),
(969, 97, 10, 3, -1, 0, '0'),
(970, 97, 10, 4, -1, 0, '0'),
(971, 98, 6, 3, -1, 0, '0'),
(972, 98, 6, 4, -1, 0, '0'),
(973, 98, 7, 3, -1, 0, '0'),
(974, 98, 7, 4, -1, 0, '0'),
(975, 98, 8, 3, -1, 0, '0'),
(976, 98, 8, 4, -1, 0, '0'),
(977, 98, 9, 3, -1, 0, '0'),
(978, 98, 9, 4, -1, 0, '0'),
(979, 98, 10, 3, -1, 0, '0'),
(980, 98, 10, 4, -1, 0, '0'),
(981, 99, 6, 3, 57, 0, '0'),
(982, 99, 6, 3, 58, 0, '0'),
(983, 99, 6, 3, 59, 0, '0'),
(984, 99, 6, 3, 60, 0, '0'),
(985, 99, 6, 3, -1, 0, '0'),
(986, 99, 6, 4, 57, 0, '0'),
(987, 99, 6, 4, 58, 0, '0'),
(988, 99, 6, 4, 59, 0, '0'),
(989, 99, 6, 4, 60, 0, '0'),
(990, 99, 6, 4, -1, 0, '0'),
(991, 99, 7, 3, 57, 0, '0'),
(992, 99, 7, 3, 58, 0, '0'),
(993, 99, 7, 3, 59, 0, '0'),
(994, 99, 7, 3, 60, 0, '0'),
(995, 99, 7, 3, -1, 0, '0'),
(996, 99, 7, 4, 57, 0, '0'),
(997, 99, 7, 4, 58, 0, '0'),
(998, 99, 7, 4, 59, 0, '0'),
(999, 99, 7, 4, 60, 0, '0'),
(1000, 99, 7, 4, -1, 0, '0'),
(1001, 99, 8, 3, 57, 0, '0'),
(1002, 99, 8, 3, 58, 0, '0'),
(1003, 99, 8, 3, 59, 0, '0'),
(1004, 99, 8, 3, 60, 0, '0'),
(1005, 99, 8, 3, -1, 0, '0'),
(1006, 99, 8, 4, 57, 0, '0'),
(1007, 99, 8, 4, 58, 0, '0'),
(1008, 99, 8, 4, 59, 0, '0'),
(1009, 99, 8, 4, 60, 0, '0'),
(1010, 99, 8, 4, -1, 0, '0'),
(1011, 99, 9, 3, 57, 0, '0'),
(1012, 99, 9, 3, 58, 0, '0'),
(1013, 99, 9, 3, 59, 0, '0'),
(1014, 99, 9, 3, 60, 0, '0'),
(1015, 99, 9, 3, -1, 0, '0'),
(1016, 99, 9, 4, 57, 0, '0'),
(1017, 99, 9, 4, 58, 0, '0'),
(1018, 99, 9, 4, 59, 0, '0'),
(1019, 99, 9, 4, 60, 0, '0'),
(1020, 99, 9, 4, -1, 0, '0'),
(1021, 99, 10, 3, 57, 0, '0'),
(1022, 99, 10, 3, 58, 0, '0'),
(1023, 99, 10, 3, 59, 0, '0'),
(1024, 99, 10, 3, 60, 0, '0'),
(1025, 99, 10, 3, -1, 0, '0'),
(1026, 99, 10, 4, 57, 0, '0'),
(1027, 99, 10, 4, 58, 0, '0'),
(1028, 99, 10, 4, 59, 0, '0'),
(1029, 99, 10, 4, 60, 0, '0'),
(1030, 99, 10, 4, -1, 0, '0'),
(1031, 100, 6, 3, 61, 0, '0'),
(1032, 100, 6, 3, 62, 0, '0'),
(1033, 100, 6, 3, 63, 0, '0'),
(1034, 100, 6, 3, 64, 0, '0'),
(1035, 100, 6, 3, -1, 0, '0'),
(1036, 100, 6, 4, 61, 0, '0'),
(1037, 100, 6, 4, 62, 0, '0'),
(1038, 100, 6, 4, 63, 0, '0'),
(1039, 100, 6, 4, 64, 0, '0'),
(1040, 100, 6, 4, -1, 0, '0'),
(1041, 100, 7, 3, 61, 0, '0'),
(1042, 100, 7, 3, 62, 0, '0'),
(1043, 100, 7, 3, 63, 0, '0'),
(1044, 100, 7, 3, 64, 0, '0'),
(1045, 100, 7, 3, -1, 0, '0'),
(1046, 100, 7, 4, 61, 0, '0'),
(1047, 100, 7, 4, 62, 0, '0'),
(1048, 100, 7, 4, 63, 0, '0'),
(1049, 100, 7, 4, 64, 0, '0'),
(1050, 100, 7, 4, -1, 0, '0'),
(1051, 100, 8, 3, 61, 0, '0'),
(1052, 100, 8, 3, 62, 0, '0'),
(1053, 100, 8, 3, 63, 0, '0'),
(1054, 100, 8, 3, 64, 0, '0'),
(1055, 100, 8, 3, -1, 0, '0'),
(1056, 100, 8, 4, 61, 0, '0'),
(1057, 100, 8, 4, 62, 0, '0'),
(1058, 100, 8, 4, 63, 0, '0'),
(1059, 100, 8, 4, 64, 0, '0'),
(1060, 100, 8, 4, -1, 0, '0'),
(1061, 100, 9, 3, 61, 0, '0'),
(1062, 100, 9, 3, 62, 0, '0'),
(1063, 100, 9, 3, 63, 0, '0'),
(1064, 100, 9, 3, 64, 0, '0'),
(1065, 100, 9, 3, -1, 0, '0'),
(1066, 100, 9, 4, 61, 0, '0'),
(1067, 100, 9, 4, 62, 0, '0'),
(1068, 100, 9, 4, 63, 0, '0'),
(1069, 100, 9, 4, 64, 0, '0'),
(1070, 100, 9, 4, -1, 0, '0'),
(1071, 100, 10, 3, 61, 0, '0'),
(1072, 100, 10, 3, 62, 0, '0'),
(1073, 100, 10, 3, 63, 0, '0'),
(1074, 100, 10, 3, 64, 0, '0'),
(1075, 100, 10, 3, -1, 0, '0'),
(1076, 100, 10, 4, 61, 0, '0'),
(1077, 100, 10, 4, 62, 0, '0'),
(1078, 100, 10, 4, 63, 0, '0'),
(1079, 100, 10, 4, 64, 0, '0'),
(1080, 100, 10, 4, -1, 0, '0'),
(1081, 101, 6, 3, 57, 0, '0'),
(1082, 101, 6, 3, 58, 0, '0'),
(1083, 101, 6, 3, 59, 0, '0'),
(1084, 101, 6, 3, 60, 0, '0'),
(1085, 101, 6, 3, -1, 0, '0'),
(1086, 101, 6, 4, 57, 0, '0'),
(1087, 101, 6, 4, 58, 0, '0'),
(1088, 101, 6, 4, 59, 0, '0'),
(1089, 101, 6, 4, 60, 0, '0'),
(1090, 101, 6, 4, -1, 0, '0'),
(1091, 101, 7, 3, 57, 0, '0'),
(1092, 101, 7, 3, 58, 0, '0'),
(1093, 101, 7, 3, 59, 0, '0'),
(1094, 101, 7, 3, 60, 0, '0'),
(1095, 101, 7, 3, -1, 0, '0'),
(1096, 101, 7, 4, 57, 0, '0'),
(1097, 101, 7, 4, 58, 0, '0'),
(1098, 101, 7, 4, 59, 0, '0'),
(1099, 101, 7, 4, 60, 0, '0'),
(1100, 101, 7, 4, -1, 0, '0'),
(1101, 101, 8, 3, 57, 0, '0'),
(1102, 101, 8, 3, 58, 0, '0'),
(1103, 101, 8, 3, 59, 0, '0'),
(1104, 101, 8, 3, 60, 0, '0'),
(1105, 101, 8, 3, -1, 0, '0'),
(1106, 101, 8, 4, 57, 0, '0'),
(1107, 101, 8, 4, 58, 0, '0'),
(1108, 101, 8, 4, 59, 0, '0'),
(1109, 101, 8, 4, 60, 0, '0'),
(1110, 101, 8, 4, -1, 0, '0'),
(1111, 101, 9, 3, 57, 0, '0'),
(1112, 101, 9, 3, 58, 0, '0'),
(1113, 101, 9, 3, 59, 0, '0'),
(1114, 101, 9, 3, 60, 0, '0'),
(1115, 101, 9, 3, -1, 0, '0'),
(1116, 101, 9, 4, 57, 0, '0'),
(1117, 101, 9, 4, 58, 0, '0'),
(1118, 101, 9, 4, 59, 0, '0'),
(1119, 101, 9, 4, 60, 0, '0'),
(1120, 101, 9, 4, -1, 0, '0'),
(1121, 101, 10, 3, 57, 0, '0'),
(1122, 101, 10, 3, 58, 0, '0'),
(1123, 101, 10, 3, 59, 0, '0'),
(1124, 101, 10, 3, 60, 0, '0'),
(1125, 101, 10, 3, -1, 0, '0'),
(1126, 101, 10, 4, 57, 0, '0'),
(1127, 101, 10, 4, 58, 0, '0'),
(1128, 101, 10, 4, 59, 0, '0'),
(1129, 101, 10, 4, 60, 0, '0'),
(1130, 101, 10, 4, -1, 0, '0'),
(1131, 102, 6, 3, 57, 0, '0'),
(1132, 102, 6, 3, 58, 0, '0'),
(1133, 102, 6, 3, 59, 0, '0'),
(1134, 102, 6, 3, 60, 0, '0'),
(1135, 102, 6, 3, -1, 0, '0'),
(1136, 102, 6, 4, 57, 0, '0'),
(1137, 102, 6, 4, 58, 0, '0'),
(1138, 102, 6, 4, 59, 0, '0'),
(1139, 102, 6, 4, 60, 0, '0'),
(1140, 102, 6, 4, -1, 0, '0'),
(1141, 102, 7, 3, 57, 0, '0'),
(1142, 102, 7, 3, 58, 0, '0'),
(1143, 102, 7, 3, 59, 0, '0'),
(1144, 102, 7, 3, 60, 0, '0'),
(1145, 102, 7, 3, -1, 0, '0'),
(1146, 102, 7, 4, 57, 0, '0'),
(1147, 102, 7, 4, 58, 0, '0'),
(1148, 102, 7, 4, 59, 0, '0'),
(1149, 102, 7, 4, 60, 0, '0'),
(1150, 102, 7, 4, -1, 0, '0'),
(1151, 102, 8, 3, 57, 0, '0'),
(1152, 102, 8, 3, 58, 0, '0'),
(1153, 102, 8, 3, 59, 0, '0'),
(1154, 102, 8, 3, 60, 0, '0'),
(1155, 102, 8, 3, -1, 0, '0'),
(1156, 102, 8, 4, 57, 0, '0'),
(1157, 102, 8, 4, 58, 0, '0'),
(1158, 102, 8, 4, 59, 0, '0'),
(1159, 102, 8, 4, 60, 0, '0'),
(1160, 102, 8, 4, -1, 0, '0'),
(1161, 102, 9, 3, 57, 0, '0'),
(1162, 102, 9, 3, 58, 0, '0'),
(1163, 102, 9, 3, 59, 0, '0'),
(1164, 102, 9, 3, 60, 0, '0'),
(1165, 102, 9, 3, -1, 0, '0'),
(1166, 102, 9, 4, 57, 0, '0'),
(1167, 102, 9, 4, 58, 0, '0'),
(1168, 102, 9, 4, 59, 0, '0'),
(1169, 102, 9, 4, 60, 0, '0'),
(1170, 102, 9, 4, -1, 0, '0'),
(1171, 102, 10, 3, 57, 0, '0'),
(1172, 102, 10, 3, 58, 0, '0'),
(1173, 102, 10, 3, 59, 0, '0'),
(1174, 102, 10, 3, 60, 0, '0'),
(1175, 102, 10, 3, -1, 0, '0'),
(1176, 102, 10, 4, 57, 0, '0'),
(1177, 102, 10, 4, 58, 0, '0'),
(1178, 102, 10, 4, 59, 0, '0'),
(1179, 102, 10, 4, 60, 0, '0'),
(1180, 102, 10, 4, -1, 0, '0'),
(1181, 103, 6, 3, 57, 0, '0'),
(1182, 103, 6, 3, 58, 0, '0'),
(1183, 103, 6, 3, 59, 0, '0'),
(1184, 103, 6, 3, 60, 0, '0'),
(1185, 103, 6, 3, -1, 0, '0'),
(1186, 103, 6, 4, 57, 0, '0'),
(1187, 103, 6, 4, 58, 0, '0'),
(1188, 103, 6, 4, 59, 0, '0'),
(1189, 103, 6, 4, 60, 0, '0'),
(1190, 103, 6, 4, -1, 0, '0'),
(1191, 103, 7, 3, 57, 0, '0'),
(1192, 103, 7, 3, 58, 0, '0'),
(1193, 103, 7, 3, 59, 0, '0'),
(1194, 103, 7, 3, 60, 0, '0'),
(1195, 103, 7, 3, -1, 0, '0'),
(1196, 103, 7, 4, 57, 0, '0'),
(1197, 103, 7, 4, 58, 0, '0'),
(1198, 103, 7, 4, 59, 0, '0'),
(1199, 103, 7, 4, 60, 0, '0'),
(1200, 103, 7, 4, -1, 0, '0'),
(1201, 103, 8, 3, 57, 0, '0'),
(1202, 103, 8, 3, 58, 0, '0'),
(1203, 103, 8, 3, 59, 0, '0'),
(1204, 103, 8, 3, 60, 0, '0'),
(1205, 103, 8, 3, -1, 0, '0'),
(1206, 103, 8, 4, 57, 0, '0'),
(1207, 103, 8, 4, 58, 0, '0'),
(1208, 103, 8, 4, 59, 0, '0'),
(1209, 103, 8, 4, 60, 0, '0'),
(1210, 103, 8, 4, -1, 0, '0'),
(1211, 103, 9, 3, 57, 0, '0'),
(1212, 103, 9, 3, 58, 0, '0'),
(1213, 103, 9, 3, 59, 0, '0'),
(1214, 103, 9, 3, 60, 0, '0'),
(1215, 103, 9, 3, -1, 0, '0'),
(1216, 103, 9, 4, 57, 0, '0'),
(1217, 103, 9, 4, 58, 0, '0'),
(1218, 103, 9, 4, 59, 0, '0'),
(1219, 103, 9, 4, 60, 0, '0'),
(1220, 103, 9, 4, -1, 0, '0'),
(1221, 103, 10, 3, 57, 0, '0'),
(1222, 103, 10, 3, 58, 0, '0'),
(1223, 103, 10, 3, 59, 0, '0'),
(1224, 103, 10, 3, 60, 0, '0'),
(1225, 103, 10, 3, -1, 0, '0'),
(1226, 103, 10, 4, 57, 0, '0'),
(1227, 103, 10, 4, 58, 0, '0'),
(1228, 103, 10, 4, 59, 0, '0'),
(1229, 103, 10, 4, 60, 0, '0'),
(1230, 103, 10, 4, -1, 0, '0'),
(1231, 104, 6, 3, 57, 0, '0'),
(1232, 104, 6, 3, 58, 0, '0'),
(1233, 104, 6, 3, 59, 0, '0'),
(1234, 104, 6, 3, 60, 0, '0'),
(1235, 104, 6, 3, -1, 0, '0'),
(1236, 104, 6, 4, 57, 0, '0'),
(1237, 104, 6, 4, 58, 0, '0'),
(1238, 104, 6, 4, 59, 0, '0'),
(1239, 104, 6, 4, 60, 0, '0'),
(1240, 104, 6, 4, -1, 0, '0'),
(1241, 104, 7, 3, 57, 0, '0'),
(1242, 104, 7, 3, 58, 0, '0'),
(1243, 104, 7, 3, 59, 0, '0'),
(1244, 104, 7, 3, 60, 0, '0'),
(1245, 104, 7, 3, -1, 0, '0'),
(1246, 104, 7, 4, 57, 0, '0'),
(1247, 104, 7, 4, 58, 0, '0'),
(1248, 104, 7, 4, 59, 0, '0'),
(1249, 104, 7, 4, 60, 0, '0'),
(1250, 104, 7, 4, -1, 0, '0'),
(1251, 104, 8, 3, 57, 0, '0'),
(1252, 104, 8, 3, 58, 0, '0'),
(1253, 104, 8, 3, 59, 0, '0'),
(1254, 104, 8, 3, 60, 0, '0'),
(1255, 104, 8, 3, -1, 0, '0'),
(1256, 104, 8, 4, 57, 0, '0'),
(1257, 104, 8, 4, 58, 0, '0'),
(1258, 104, 8, 4, 59, 0, '0'),
(1259, 104, 8, 4, 60, 0, '0'),
(1260, 104, 8, 4, -1, 0, '0'),
(1261, 104, 9, 3, 57, 0, '0'),
(1262, 104, 9, 3, 58, 0, '0'),
(1263, 104, 9, 3, 59, 0, '0'),
(1264, 104, 9, 3, 60, 0, '0'),
(1265, 104, 9, 3, -1, 0, '0'),
(1266, 104, 9, 4, 57, 0, '0'),
(1267, 104, 9, 4, 58, 0, '0'),
(1268, 104, 9, 4, 59, 0, '0'),
(1269, 104, 9, 4, 60, 0, '0'),
(1270, 104, 9, 4, -1, 0, '0'),
(1271, 104, 10, 3, 57, 0, '0'),
(1272, 104, 10, 3, 58, 0, '0'),
(1273, 104, 10, 3, 59, 0, '0'),
(1274, 104, 10, 3, 60, 0, '0'),
(1275, 104, 10, 3, -1, 0, '0'),
(1276, 104, 10, 4, 57, 0, '0'),
(1277, 104, 10, 4, 58, 0, '0'),
(1278, 104, 10, 4, 59, 0, '0'),
(1279, 104, 10, 4, 60, 0, '0'),
(1280, 104, 10, 4, -1, 0, '0'),
(1281, 105, 6, 3, 57, 0, '0'),
(1282, 105, 6, 3, 58, 0, '0'),
(1283, 105, 6, 3, 59, 0, '0'),
(1284, 105, 6, 3, 60, 0, '0'),
(1285, 105, 6, 3, -1, 0, '0'),
(1286, 105, 6, 4, 57, 0, '0'),
(1287, 105, 6, 4, 58, 0, '0'),
(1288, 105, 6, 4, 59, 0, '0'),
(1289, 105, 6, 4, 60, 0, '0'),
(1290, 105, 6, 4, -1, 0, '0'),
(1291, 105, 7, 3, 57, 0, '0'),
(1292, 105, 7, 3, 58, 0, '0'),
(1293, 105, 7, 3, 59, 0, '0'),
(1294, 105, 7, 3, 60, 0, '0'),
(1295, 105, 7, 3, -1, 0, '0'),
(1296, 105, 7, 4, 57, 0, '0'),
(1297, 105, 7, 4, 58, 0, '0'),
(1298, 105, 7, 4, 59, 0, '0'),
(1299, 105, 7, 4, 60, 0, '0'),
(1300, 105, 7, 4, -1, 0, '0'),
(1301, 105, 8, 3, 57, 0, '0'),
(1302, 105, 8, 3, 58, 0, '0'),
(1303, 105, 8, 3, 59, 0, '0'),
(1304, 105, 8, 3, 60, 0, '0'),
(1305, 105, 8, 3, -1, 0, '0'),
(1306, 105, 8, 4, 57, 0, '0'),
(1307, 105, 8, 4, 58, 0, '0'),
(1308, 105, 8, 4, 59, 0, '0'),
(1309, 105, 8, 4, 60, 0, '0'),
(1310, 105, 8, 4, -1, 0, '0'),
(1311, 105, 9, 3, 57, 0, '0'),
(1312, 105, 9, 3, 58, 0, '0'),
(1313, 105, 9, 3, 59, 0, '0'),
(1314, 105, 9, 3, 60, 0, '0'),
(1315, 105, 9, 3, -1, 0, '0'),
(1316, 105, 9, 4, 57, 0, '0'),
(1317, 105, 9, 4, 58, 0, '0'),
(1318, 105, 9, 4, 59, 0, '0'),
(1319, 105, 9, 4, 60, 0, '0'),
(1320, 105, 9, 4, -1, 0, '0'),
(1321, 105, 10, 3, 57, 0, '0'),
(1322, 105, 10, 3, 58, 0, '0'),
(1323, 105, 10, 3, 59, 0, '0'),
(1324, 105, 10, 3, 60, 0, '0'),
(1325, 105, 10, 3, -1, 0, '0'),
(1326, 105, 10, 4, 57, 0, '0'),
(1327, 105, 10, 4, 58, 0, '0'),
(1328, 105, 10, 4, 59, 0, '0'),
(1329, 105, 10, 4, 60, 0, '0'),
(1330, 105, 10, 4, -1, 0, '0'),
(1331, 106, 6, 3, 57, 0, '0'),
(1332, 106, 6, 3, 58, 0, '0'),
(1333, 106, 6, 3, 59, 0, '0'),
(1334, 106, 6, 3, 60, 0, '0'),
(1335, 106, 6, 3, -1, 0, '0'),
(1336, 106, 6, 4, 57, 0, '0'),
(1337, 106, 6, 4, 58, 0, '0'),
(1338, 106, 6, 4, 59, 0, '0'),
(1339, 106, 6, 4, 60, 0, '0'),
(1340, 106, 6, 4, -1, 0, '0'),
(1341, 106, 7, 3, 57, 0, '0'),
(1342, 106, 7, 3, 58, 0, '0'),
(1343, 106, 7, 3, 59, 0, '0'),
(1344, 106, 7, 3, 60, 0, '0'),
(1345, 106, 7, 3, -1, 0, '0'),
(1346, 106, 7, 4, 57, 0, '0'),
(1347, 106, 7, 4, 58, 0, '0'),
(1348, 106, 7, 4, 59, 0, '0'),
(1349, 106, 7, 4, 60, 0, '0'),
(1350, 106, 7, 4, -1, 0, '0'),
(1351, 106, 8, 3, 57, 0, '0'),
(1352, 106, 8, 3, 58, 0, '0'),
(1353, 106, 8, 3, 59, 0, '0'),
(1354, 106, 8, 3, 60, 0, '0'),
(1355, 106, 8, 3, -1, 0, '0'),
(1356, 106, 8, 4, 57, 0, '0'),
(1357, 106, 8, 4, 58, 0, '0'),
(1358, 106, 8, 4, 59, 0, '0'),
(1359, 106, 8, 4, 60, 0, '0'),
(1360, 106, 8, 4, -1, 0, '0'),
(1361, 106, 9, 3, 57, 0, '0'),
(1362, 106, 9, 3, 58, 0, '0'),
(1363, 106, 9, 3, 59, 0, '0'),
(1364, 106, 9, 3, 60, 0, '0'),
(1365, 106, 9, 3, -1, 0, '0'),
(1366, 106, 9, 4, 57, 0, '0'),
(1367, 106, 9, 4, 58, 0, '0'),
(1368, 106, 9, 4, 59, 0, '0'),
(1369, 106, 9, 4, 60, 0, '0'),
(1370, 106, 9, 4, -1, 0, '0'),
(1371, 106, 10, 3, 57, 0, '0'),
(1372, 106, 10, 3, 58, 0, '0'),
(1373, 106, 10, 3, 59, 0, '0'),
(1374, 106, 10, 3, 60, 0, '0'),
(1375, 106, 10, 3, -1, 0, '0'),
(1376, 106, 10, 4, 57, 0, '0'),
(1377, 106, 10, 4, 58, 0, '0'),
(1378, 106, 10, 4, 59, 0, '0'),
(1379, 106, 10, 4, 60, 0, '0'),
(1380, 106, 10, 4, -1, 0, '0'),
(1381, 107, 6, 3, 57, 0, '0'),
(1382, 107, 6, 3, 58, 0, '0'),
(1383, 107, 6, 3, 59, 0, '0'),
(1384, 107, 6, 3, 60, 0, '0'),
(1385, 107, 6, 3, -1, 0, '0'),
(1386, 107, 6, 4, 57, 0, '0'),
(1387, 107, 6, 4, 58, 0, '0'),
(1388, 107, 6, 4, 59, 0, '0'),
(1389, 107, 6, 4, 60, 0, '0'),
(1390, 107, 6, 4, -1, 0, '0'),
(1391, 107, 7, 3, 57, 0, '0'),
(1392, 107, 7, 3, 58, 0, '0'),
(1393, 107, 7, 3, 59, 0, '0'),
(1394, 107, 7, 3, 60, 0, '0'),
(1395, 107, 7, 3, -1, 0, '0'),
(1396, 107, 7, 4, 57, 0, '0'),
(1397, 107, 7, 4, 58, 0, '0'),
(1398, 107, 7, 4, 59, 0, '0'),
(1399, 107, 7, 4, 60, 0, '0'),
(1400, 107, 7, 4, -1, 0, '0'),
(1401, 107, 8, 3, 57, 0, '0'),
(1402, 107, 8, 3, 58, 0, '0'),
(1403, 107, 8, 3, 59, 0, '0'),
(1404, 107, 8, 3, 60, 0, '0'),
(1405, 107, 8, 3, -1, 0, '0'),
(1406, 107, 8, 4, 57, 0, '0'),
(1407, 107, 8, 4, 58, 0, '0'),
(1408, 107, 8, 4, 59, 0, '0'),
(1409, 107, 8, 4, 60, 0, '0'),
(1410, 107, 8, 4, -1, 0, '0'),
(1411, 107, 9, 3, 57, 0, '0'),
(1412, 107, 9, 3, 58, 0, '0'),
(1413, 107, 9, 3, 59, 0, '0'),
(1414, 107, 9, 3, 60, 0, '0'),
(1415, 107, 9, 3, -1, 0, '0'),
(1416, 107, 9, 4, 57, 0, '0'),
(1417, 107, 9, 4, 58, 0, '0'),
(1418, 107, 9, 4, 59, 0, '0'),
(1419, 107, 9, 4, 60, 0, '0'),
(1420, 107, 9, 4, -1, 0, '0'),
(1421, 107, 10, 3, 57, 0, '0'),
(1422, 107, 10, 3, 58, 0, '0'),
(1423, 107, 10, 3, 59, 0, '0'),
(1424, 107, 10, 3, 60, 0, '0'),
(1425, 107, 10, 3, -1, 0, '0'),
(1426, 107, 10, 4, 57, 0, '0'),
(1427, 107, 10, 4, 58, 0, '0'),
(1428, 107, 10, 4, 59, 0, '0'),
(1429, 107, 10, 4, 60, 0, '0'),
(1430, 107, 10, 4, -1, 0, '0'),
(1431, 108, 6, 3, 57, 0, '0'),
(1432, 108, 6, 3, 58, 0, '0'),
(1433, 108, 6, 3, 59, 0, '0'),
(1434, 108, 6, 3, 60, 0, '0'),
(1435, 108, 6, 3, -1, 0, '0'),
(1436, 108, 6, 4, 57, 0, '0'),
(1437, 108, 6, 4, 58, 0, '0'),
(1438, 108, 6, 4, 59, 0, '0'),
(1439, 108, 6, 4, 60, 0, '0'),
(1440, 108, 6, 4, -1, 0, '0'),
(1441, 108, 7, 3, 57, 0, '0'),
(1442, 108, 7, 3, 58, 0, '0'),
(1443, 108, 7, 3, 59, 0, '0'),
(1444, 108, 7, 3, 60, 0, '0'),
(1445, 108, 7, 3, -1, 0, '0'),
(1446, 108, 7, 4, 57, 0, '0'),
(1447, 108, 7, 4, 58, 0, '0'),
(1448, 108, 7, 4, 59, 0, '0'),
(1449, 108, 7, 4, 60, 0, '0'),
(1450, 108, 7, 4, -1, 0, '0'),
(1451, 108, 8, 3, 57, 0, '0'),
(1452, 108, 8, 3, 58, 0, '0'),
(1453, 108, 8, 3, 59, 0, '0'),
(1454, 108, 8, 3, 60, 0, '0'),
(1455, 108, 8, 3, -1, 0, '0'),
(1456, 108, 8, 4, 57, 0, '0'),
(1457, 108, 8, 4, 58, 0, '0'),
(1458, 108, 8, 4, 59, 0, '0'),
(1459, 108, 8, 4, 60, 0, '0'),
(1460, 108, 8, 4, -1, 0, '0'),
(1461, 108, 9, 3, 57, 0, '0'),
(1462, 108, 9, 3, 58, 0, '0'),
(1463, 108, 9, 3, 59, 0, '0'),
(1464, 108, 9, 3, 60, 0, '0'),
(1465, 108, 9, 3, -1, 0, '0'),
(1466, 108, 9, 4, 57, 0, '0'),
(1467, 108, 9, 4, 58, 0, '0'),
(1468, 108, 9, 4, 59, 0, '0'),
(1469, 108, 9, 4, 60, 0, '0'),
(1470, 108, 9, 4, -1, 0, '0'),
(1471, 108, 10, 3, 57, 0, '0'),
(1472, 108, 10, 3, 58, 0, '0'),
(1473, 108, 10, 3, 59, 0, '0'),
(1474, 108, 10, 3, 60, 0, '0'),
(1475, 108, 10, 3, -1, 0, '0'),
(1476, 108, 10, 4, 57, 0, '0'),
(1477, 108, 10, 4, 58, 0, '0'),
(1478, 108, 10, 4, 59, 0, '0'),
(1479, 108, 10, 4, 60, 0, '0'),
(1480, 108, 10, 4, -1, 0, '0'),
(1481, 109, 6, 3, 57, 0, '0'),
(1482, 109, 6, 3, 58, 0, '0'),
(1483, 109, 6, 3, 59, 0, '0'),
(1484, 109, 6, 3, 60, 0, '0'),
(1485, 109, 6, 3, -1, 0, '0'),
(1486, 109, 6, 4, 57, 0, '0'),
(1487, 109, 6, 4, 58, 0, '0'),
(1488, 109, 6, 4, 59, 0, '0'),
(1489, 109, 6, 4, 60, 0, '0'),
(1490, 109, 6, 4, -1, 0, '0'),
(1491, 109, 7, 3, 57, 0, '0'),
(1492, 109, 7, 3, 58, 0, '0'),
(1493, 109, 7, 3, 59, 0, '0'),
(1494, 109, 7, 3, 60, 0, '0'),
(1495, 109, 7, 3, -1, 0, '0'),
(1496, 109, 7, 4, 57, 0, '0'),
(1497, 109, 7, 4, 58, 0, '0'),
(1498, 109, 7, 4, 59, 0, '0'),
(1499, 109, 7, 4, 60, 0, '0'),
(1500, 109, 7, 4, -1, 0, '0'),
(1501, 109, 8, 3, 57, 0, '0'),
(1502, 109, 8, 3, 58, 0, '0'),
(1503, 109, 8, 3, 59, 0, '0'),
(1504, 109, 8, 3, 60, 0, '0'),
(1505, 109, 8, 3, -1, 0, '0'),
(1506, 109, 8, 4, 57, 0, '0'),
(1507, 109, 8, 4, 58, 0, '0'),
(1508, 109, 8, 4, 59, 0, '0'),
(1509, 109, 8, 4, 60, 0, '0'),
(1510, 109, 8, 4, -1, 0, '0'),
(1511, 109, 9, 3, 57, 0, '0'),
(1512, 109, 9, 3, 58, 0, '0'),
(1513, 109, 9, 3, 59, 0, '0'),
(1514, 109, 9, 3, 60, 0, '0'),
(1515, 109, 9, 3, -1, 0, '0'),
(1516, 109, 9, 4, 57, 0, '0'),
(1517, 109, 9, 4, 58, 0, '0'),
(1518, 109, 9, 4, 59, 0, '0'),
(1519, 109, 9, 4, 60, 0, '0'),
(1520, 109, 9, 4, -1, 0, '0'),
(1521, 109, 10, 3, 57, 0, '0'),
(1522, 109, 10, 3, 58, 0, '0'),
(1523, 109, 10, 3, 59, 0, '0'),
(1524, 109, 10, 3, 60, 0, '0'),
(1525, 109, 10, 3, -1, 0, '0'),
(1526, 109, 10, 4, 57, 0, '0'),
(1527, 109, 10, 4, 58, 0, '0'),
(1528, 109, 10, 4, 59, 0, '0'),
(1529, 109, 10, 4, 60, 0, '0'),
(1530, 109, 10, 4, -1, 0, '0'),
(1531, 110, 6, 3, 57, 0, '0'),
(1532, 110, 6, 3, 58, 0, '0'),
(1533, 110, 6, 3, 59, 0, '0'),
(1534, 110, 6, 3, 60, 0, '0'),
(1535, 110, 6, 3, -1, 0, '0'),
(1536, 110, 6, 4, 57, 0, '0'),
(1537, 110, 6, 4, 58, 0, '0'),
(1538, 110, 6, 4, 59, 0, '0'),
(1539, 110, 6, 4, 60, 0, '0'),
(1540, 110, 6, 4, -1, 0, '0'),
(1541, 110, 7, 3, 57, 0, '0'),
(1542, 110, 7, 3, 58, 0, '0'),
(1543, 110, 7, 3, 59, 0, '0'),
(1544, 110, 7, 3, 60, 0, '0'),
(1545, 110, 7, 3, -1, 0, '0'),
(1546, 110, 7, 4, 57, 0, '0'),
(1547, 110, 7, 4, 58, 0, '0'),
(1548, 110, 7, 4, 59, 0, '0'),
(1549, 110, 7, 4, 60, 0, '0'),
(1550, 110, 7, 4, -1, 0, '0'),
(1551, 110, 8, 3, 57, 0, '0'),
(1552, 110, 8, 3, 58, 0, '0'),
(1553, 110, 8, 3, 59, 0, '0'),
(1554, 110, 8, 3, 60, 0, '0'),
(1555, 110, 8, 3, -1, 0, '0'),
(1556, 110, 8, 4, 57, 0, '0'),
(1557, 110, 8, 4, 58, 0, '0'),
(1558, 110, 8, 4, 59, 0, '0'),
(1559, 110, 8, 4, 60, 0, '0'),
(1560, 110, 8, 4, -1, 0, '0'),
(1561, 110, 9, 3, 57, 0, '0'),
(1562, 110, 9, 3, 58, 0, '0'),
(1563, 110, 9, 3, 59, 0, '0'),
(1564, 110, 9, 3, 60, 0, '0'),
(1565, 110, 9, 3, -1, 0, '0'),
(1566, 110, 9, 4, 57, 0, '0'),
(1567, 110, 9, 4, 58, 0, '0'),
(1568, 110, 9, 4, 59, 0, '0'),
(1569, 110, 9, 4, 60, 0, '0'),
(1570, 110, 9, 4, -1, 0, '0'),
(1571, 110, 10, 3, 57, 0, '0'),
(1572, 110, 10, 3, 58, 0, '0'),
(1573, 110, 10, 3, 59, 0, '0'),
(1574, 110, 10, 3, 60, 0, '0'),
(1575, 110, 10, 3, -1, 0, '0'),
(1576, 110, 10, 4, 57, 0, '0'),
(1577, 110, 10, 4, 58, 0, '0'),
(1578, 110, 10, 4, 59, 0, '0'),
(1579, 110, 10, 4, 60, 0, '0'),
(1580, 110, 10, 4, -1, 0, '0'),
(1581, 111, 6, 3, 77, 0, '0'),
(1582, 111, 6, 3, 78, 0, '0'),
(1583, 111, 6, 3, 79, 0, '0'),
(1584, 111, 6, 3, 80, 0, '0'),
(1585, 111, 6, 3, -1, 0, '0'),
(1586, 111, 6, 4, 77, 0, '0'),
(1587, 111, 6, 4, 78, 0, '0'),
(1588, 111, 6, 4, 79, 0, '0'),
(1589, 111, 6, 4, 80, 0, '0'),
(1590, 111, 6, 4, -1, 0, '0'),
(1591, 111, 7, 3, 77, 0, '0'),
(1592, 111, 7, 3, 78, 0, '0'),
(1593, 111, 7, 3, 79, 0, '0'),
(1594, 111, 7, 3, 80, 0, '0'),
(1595, 111, 7, 3, -1, 0, '0'),
(1596, 111, 7, 4, 77, 0, '0'),
(1597, 111, 7, 4, 78, 0, '0'),
(1598, 111, 7, 4, 79, 0, '0'),
(1599, 111, 7, 4, 80, 0, '0'),
(1600, 111, 7, 4, -1, 0, '0'),
(1601, 111, 8, 3, 77, 0, '0'),
(1602, 111, 8, 3, 78, 0, '0'),
(1603, 111, 8, 3, 79, 0, '0'),
(1604, 111, 8, 3, 80, 0, '0'),
(1605, 111, 8, 3, -1, 0, '0'),
(1606, 111, 8, 4, 77, 0, '0'),
(1607, 111, 8, 4, 78, 0, '0'),
(1608, 111, 8, 4, 79, 0, '0'),
(1609, 111, 8, 4, 80, 0, '0'),
(1610, 111, 8, 4, -1, 0, '0'),
(1611, 111, 9, 3, 77, 0, '0'),
(1612, 111, 9, 3, 78, 0, '0'),
(1613, 111, 9, 3, 79, 0, '0'),
(1614, 111, 9, 3, 80, 0, '0'),
(1615, 111, 9, 3, -1, 0, '0'),
(1616, 111, 9, 4, 77, 0, '0'),
(1617, 111, 9, 4, 78, 0, '0'),
(1618, 111, 9, 4, 79, 0, '0'),
(1619, 111, 9, 4, 80, 0, '0'),
(1620, 111, 9, 4, -1, 0, '0'),
(1621, 111, 10, 3, 77, 0, '0'),
(1622, 111, 10, 3, 78, 0, '0'),
(1623, 111, 10, 3, 79, 0, '0'),
(1624, 111, 10, 3, 80, 0, '0'),
(1625, 111, 10, 3, -1, 0, '0'),
(1626, 111, 10, 4, 77, 0, '0'),
(1627, 111, 10, 4, 78, 0, '0'),
(1628, 111, 10, 4, 79, 0, '0'),
(1629, 111, 10, 4, 80, 0, '0'),
(1630, 111, 10, 4, -1, 0, '0'),
(1631, 112, 6, 3, -1, 0, '0'),
(1632, 112, 6, 4, -1, 0, '0'),
(1633, 112, 7, 3, -1, 0, '0'),
(1634, 112, 7, 4, -1, 0, '0'),
(1635, 112, 8, 3, -1, 0, '0'),
(1636, 112, 8, 4, -1, 0, '0'),
(1637, 112, 9, 3, -1, 0, '0'),
(1638, 112, 9, 4, -1, 0, '0'),
(1639, 112, 10, 3, -1, 0, '0'),
(1640, 112, 10, 4, -1, 0, '0'),
(1641, 113, 6, 3, -1, 0, '0'),
(1642, 113, 6, 4, -1, 0, '0'),
(1643, 113, 7, 3, -1, 0, '0'),
(1644, 113, 7, 4, -1, 0, '0'),
(1645, 113, 8, 3, -1, 0, '0'),
(1646, 113, 8, 4, -1, 0, '0'),
(1647, 113, 9, 3, -1, 0, '0'),
(1648, 113, 9, 4, -1, 0, '0'),
(1649, 113, 10, 3, -1, 0, '0'),
(1650, 113, 10, 4, -1, 0, '0'),
(1651, 114, 6, 3, -1, 0, '0'),
(1652, 114, 6, 4, -1, 0, '0'),
(1653, 114, 7, 3, -1, 0, '0'),
(1654, 114, 7, 4, -1, 0, '0'),
(1655, 114, 8, 3, -1, 0, '0'),
(1656, 114, 8, 4, -1, 0, '0'),
(1657, 114, 9, 3, -1, 0, '0'),
(1658, 114, 9, 4, -1, 0, '0'),
(1659, 114, 10, 3, -1, 0, '0'),
(1660, 114, 10, 4, -1, 0, '0'),
(1661, 115, 6, 3, -1, 0, '0'),
(1662, 115, 6, 4, -1, 0, '0'),
(1663, 115, 7, 3, -1, 0, '0'),
(1664, 115, 7, 4, -1, 0, '0'),
(1665, 115, 8, 3, -1, 0, '0'),
(1666, 115, 8, 4, -1, 0, '0'),
(1667, 115, 9, 3, -1, 0, '0'),
(1668, 115, 9, 4, -1, 0, '0'),
(1669, 115, 10, 3, -1, 0, '0'),
(1670, 115, 10, 4, -1, 0, '0'),
(1671, 116, 6, 3, 61, 0, '0'),
(1672, 116, 6, 3, 62, 0, '0'),
(1673, 116, 6, 3, 63, 0, '0'),
(1674, 116, 6, 3, 64, 0, '0'),
(1675, 116, 6, 3, -1, 0, '0'),
(1676, 116, 6, 4, 61, 0, '0'),
(1677, 116, 6, 4, 62, 0, '0'),
(1678, 116, 6, 4, 63, 0, '0'),
(1679, 116, 6, 4, 64, 0, '0'),
(1680, 116, 6, 4, -1, 0, '0'),
(1681, 116, 7, 3, 61, 0, '0'),
(1682, 116, 7, 3, 62, 0, '0'),
(1683, 116, 7, 3, 63, 0, '0'),
(1684, 116, 7, 3, 64, 0, '0'),
(1685, 116, 7, 3, -1, 0, '0'),
(1686, 116, 7, 4, 61, 0, '0'),
(1687, 116, 7, 4, 62, 0, '0'),
(1688, 116, 7, 4, 63, 0, '0'),
(1689, 116, 7, 4, 64, 0, '0'),
(1690, 116, 7, 4, -1, 0, '0'),
(1691, 116, 8, 3, 61, 0, '0'),
(1692, 116, 8, 3, 62, 0, '0'),
(1693, 116, 8, 3, 63, 0, '0'),
(1694, 116, 8, 3, 64, 0, '0'),
(1695, 116, 8, 3, -1, 0, '0'),
(1696, 116, 8, 4, 61, 0, '0'),
(1697, 116, 8, 4, 62, 0, '0'),
(1698, 116, 8, 4, 63, 0, '0'),
(1699, 116, 8, 4, 64, 0, '0'),
(1700, 116, 8, 4, -1, 0, '0'),
(1701, 116, 9, 3, 61, 0, '0'),
(1702, 116, 9, 3, 62, 0, '0'),
(1703, 116, 9, 3, 63, 0, '0'),
(1704, 116, 9, 3, 64, 0, '0'),
(1705, 116, 9, 3, -1, 0, '0'),
(1706, 116, 9, 4, 61, 0, '0'),
(1707, 116, 9, 4, 62, 0, '0'),
(1708, 116, 9, 4, 63, 0, '0'),
(1709, 116, 9, 4, 64, 0, '0'),
(1710, 116, 9, 4, -1, 0, '0'),
(1711, 116, 10, 3, 61, 0, '0'),
(1712, 116, 10, 3, 62, 0, '0'),
(1713, 116, 10, 3, 63, 0, '0'),
(1714, 116, 10, 3, 64, 0, '0'),
(1715, 116, 10, 3, -1, 0, '0'),
(1716, 116, 10, 4, 61, 0, '0'),
(1717, 116, 10, 4, 62, 0, '0'),
(1718, 116, 10, 4, 63, 0, '0'),
(1719, 116, 10, 4, 64, 0, '0'),
(1720, 116, 10, 4, -1, 0, '0'),
(1721, 117, 6, 3, -1, 0, '0'),
(1722, 117, 6, 4, -1, 0, '0'),
(1723, 117, 7, 3, -1, 0, '0'),
(1724, 117, 7, 4, -1, 0, '0'),
(1725, 117, 8, 3, -1, 0, '0'),
(1726, 117, 8, 4, -1, 0, '0'),
(1727, 117, 9, 3, -1, 0, '0'),
(1728, 117, 9, 4, -1, 0, '0'),
(1729, 117, 10, 3, -1, 0, '0'),
(1730, 117, 10, 4, -1, 0, '0'),
(1731, 118, 6, 3, 61, 0, '0'),
(1732, 118, 6, 3, 62, 0, '0'),
(1733, 118, 6, 3, 63, 0, '0'),
(1734, 118, 6, 3, 64, 0, '0'),
(1735, 118, 6, 3, -1, 0, '0'),
(1736, 118, 6, 4, 61, 0, '0'),
(1737, 118, 6, 4, 62, 0, '0'),
(1738, 118, 6, 4, 63, 0, '0'),
(1739, 118, 6, 4, 64, 0, '0'),
(1740, 118, 6, 4, -1, 0, '0'),
(1741, 118, 7, 3, 61, 0, '0'),
(1742, 118, 7, 3, 62, 0, '0'),
(1743, 118, 7, 3, 63, 0, '0'),
(1744, 118, 7, 3, 64, 0, '0'),
(1745, 118, 7, 3, -1, 0, '0'),
(1746, 118, 7, 4, 61, 0, '0'),
(1747, 118, 7, 4, 62, 0, '0'),
(1748, 118, 7, 4, 63, 0, '0'),
(1749, 118, 7, 4, 64, 0, '0'),
(1750, 118, 7, 4, -1, 0, '0'),
(1751, 118, 8, 3, 61, 0, '0'),
(1752, 118, 8, 3, 62, 0, '0'),
(1753, 118, 8, 3, 63, 0, '0'),
(1754, 118, 8, 3, 64, 0, '0'),
(1755, 118, 8, 3, -1, 0, '0'),
(1756, 118, 8, 4, 61, 0, '0'),
(1757, 118, 8, 4, 62, 0, '0'),
(1758, 118, 8, 4, 63, 0, '0'),
(1759, 118, 8, 4, 64, 0, '0'),
(1760, 118, 8, 4, -1, 0, '0'),
(1761, 118, 9, 3, 61, 0, '0'),
(1762, 118, 9, 3, 62, 0, '0'),
(1763, 118, 9, 3, 63, 0, '0'),
(1764, 118, 9, 3, 64, 0, '0'),
(1765, 118, 9, 3, -1, 0, '0'),
(1766, 118, 9, 4, 61, 0, '0'),
(1767, 118, 9, 4, 62, 0, '0'),
(1768, 118, 9, 4, 63, 0, '0'),
(1769, 118, 9, 4, 64, 0, '0'),
(1770, 118, 9, 4, -1, 0, '0'),
(1771, 118, 10, 3, 61, 0, '0'),
(1772, 118, 10, 3, 62, 0, '0'),
(1773, 118, 10, 3, 63, 0, '0'),
(1774, 118, 10, 3, 64, 0, '0'),
(1775, 118, 10, 3, -1, 0, '0'),
(1776, 118, 10, 4, 61, 0, '0'),
(1777, 118, 10, 4, 62, 0, '0'),
(1778, 118, 10, 4, 63, 0, '0'),
(1779, 118, 10, 4, 64, 0, '0'),
(1780, 118, 10, 4, -1, 0, '0'),
(1781, 119, 6, 3, 61, 0, '0');
INSERT INTO `producto_combinaciones` (`id`, `tipo_id`, `color_id`, `material_id`, `agregado_id`, `stock`, `precioU`) VALUES
(1782, 119, 6, 3, 62, 0, '0'),
(1783, 119, 6, 3, 63, 0, '0'),
(1784, 119, 6, 3, 64, 0, '0'),
(1785, 119, 6, 3, -1, 0, '0'),
(1786, 119, 6, 4, 61, 0, '0'),
(1787, 119, 6, 4, 62, 0, '0'),
(1788, 119, 6, 4, 63, 0, '0'),
(1789, 119, 6, 4, 64, 0, '0'),
(1790, 119, 6, 4, -1, 0, '0'),
(1791, 119, 7, 3, 61, 0, '0'),
(1792, 119, 7, 3, 62, 0, '0'),
(1793, 119, 7, 3, 63, 0, '0'),
(1794, 119, 7, 3, 64, 0, '0'),
(1795, 119, 7, 3, -1, 0, '0'),
(1796, 119, 7, 4, 61, 0, '0'),
(1797, 119, 7, 4, 62, 0, '0'),
(1798, 119, 7, 4, 63, 0, '0'),
(1799, 119, 7, 4, 64, 0, '0'),
(1800, 119, 7, 4, -1, 0, '0'),
(1801, 119, 8, 3, 61, 0, '0'),
(1802, 119, 8, 3, 62, 0, '0'),
(1803, 119, 8, 3, 63, 0, '0'),
(1804, 119, 8, 3, 64, 0, '0'),
(1805, 119, 8, 3, -1, 0, '0'),
(1806, 119, 8, 4, 61, 0, '0'),
(1807, 119, 8, 4, 62, 0, '0'),
(1808, 119, 8, 4, 63, 0, '0'),
(1809, 119, 8, 4, 64, 0, '0'),
(1810, 119, 8, 4, -1, 0, '0'),
(1811, 119, 9, 3, 61, 0, '0'),
(1812, 119, 9, 3, 62, 0, '0'),
(1813, 119, 9, 3, 63, 0, '0'),
(1814, 119, 9, 3, 64, 0, '0'),
(1815, 119, 9, 3, -1, 0, '0'),
(1816, 119, 9, 4, 61, 0, '0'),
(1817, 119, 9, 4, 62, 0, '0'),
(1818, 119, 9, 4, 63, 0, '0'),
(1819, 119, 9, 4, 64, 0, '0'),
(1820, 119, 9, 4, -1, 0, '0'),
(1821, 119, 10, 3, 61, 0, '0'),
(1822, 119, 10, 3, 62, 0, '0'),
(1823, 119, 10, 3, 63, 0, '0'),
(1824, 119, 10, 3, 64, 0, '0'),
(1825, 119, 10, 3, -1, 0, '0'),
(1826, 119, 10, 4, 61, 0, '0'),
(1827, 119, 10, 4, 62, 0, '0'),
(1828, 119, 10, 4, 63, 0, '0'),
(1829, 119, 10, 4, 64, 0, '0'),
(1830, 119, 10, 4, -1, 0, '0'),
(1831, 120, 6, 3, 61, 0, '0'),
(1832, 120, 6, 3, 62, 0, '0'),
(1833, 120, 6, 3, 63, 0, '0'),
(1834, 120, 6, 3, 64, 0, '0'),
(1835, 120, 6, 3, -1, 0, '0'),
(1836, 120, 6, 4, 61, 0, '0'),
(1837, 120, 6, 4, 62, 0, '0'),
(1838, 120, 6, 4, 63, 0, '0'),
(1839, 120, 6, 4, 64, 0, '0'),
(1840, 120, 6, 4, -1, 0, '0'),
(1841, 120, 7, 3, 61, 0, '0'),
(1842, 120, 7, 3, 62, 0, '0'),
(1843, 120, 7, 3, 63, 0, '0'),
(1844, 120, 7, 3, 64, 0, '0'),
(1845, 120, 7, 3, -1, 0, '0'),
(1846, 120, 7, 4, 61, 0, '0'),
(1847, 120, 7, 4, 62, 0, '0'),
(1848, 120, 7, 4, 63, 0, '0'),
(1849, 120, 7, 4, 64, 0, '0'),
(1850, 120, 7, 4, -1, 0, '0'),
(1851, 120, 8, 3, 61, 0, '0'),
(1852, 120, 8, 3, 62, 0, '0'),
(1853, 120, 8, 3, 63, 0, '0'),
(1854, 120, 8, 3, 64, 0, '0'),
(1855, 120, 8, 3, -1, 0, '0'),
(1856, 120, 8, 4, 61, 0, '0'),
(1857, 120, 8, 4, 62, 0, '0'),
(1858, 120, 8, 4, 63, 0, '0'),
(1859, 120, 8, 4, 64, 0, '0'),
(1860, 120, 8, 4, -1, 0, '0'),
(1861, 120, 9, 3, 61, 0, '0'),
(1862, 120, 9, 3, 62, 0, '0'),
(1863, 120, 9, 3, 63, 0, '0'),
(1864, 120, 9, 3, 64, 0, '0'),
(1865, 120, 9, 3, -1, 0, '0'),
(1866, 120, 9, 4, 61, 0, '0'),
(1867, 120, 9, 4, 62, 0, '0'),
(1868, 120, 9, 4, 63, 0, '0'),
(1869, 120, 9, 4, 64, 0, '0'),
(1870, 120, 9, 4, -1, 0, '0'),
(1871, 120, 10, 3, 61, 0, '0'),
(1872, 120, 10, 3, 62, 0, '0'),
(1873, 120, 10, 3, 63, 0, '0'),
(1874, 120, 10, 3, 64, 0, '0'),
(1875, 120, 10, 3, -1, 0, '0'),
(1876, 120, 10, 4, 61, 0, '0'),
(1877, 120, 10, 4, 62, 0, '0'),
(1878, 120, 10, 4, 63, 0, '0'),
(1879, 120, 10, 4, 64, 0, '0'),
(1880, 120, 10, 4, -1, 0, '0'),
(1881, 121, 6, 3, 77, 0, '0'),
(1882, 121, 6, 3, 78, 0, '0'),
(1883, 121, 6, 3, 79, 0, '0'),
(1884, 121, 6, 3, 80, 0, '0'),
(1885, 121, 6, 3, -1, 0, '0'),
(1886, 121, 6, 4, 77, 0, '0'),
(1887, 121, 6, 4, 78, 0, '0'),
(1888, 121, 6, 4, 79, 0, '0'),
(1889, 121, 6, 4, 80, 0, '0'),
(1890, 121, 6, 4, -1, 0, '0'),
(1891, 121, 7, 3, 77, 0, '0'),
(1892, 121, 7, 3, 78, 0, '0'),
(1893, 121, 7, 3, 79, 0, '0'),
(1894, 121, 7, 3, 80, 0, '0'),
(1895, 121, 7, 3, -1, 0, '0'),
(1896, 121, 7, 4, 77, 0, '0'),
(1897, 121, 7, 4, 78, 0, '0'),
(1898, 121, 7, 4, 79, 0, '0'),
(1899, 121, 7, 4, 80, 0, '0'),
(1900, 121, 7, 4, -1, 0, '0'),
(1901, 121, 8, 3, 77, 0, '0'),
(1902, 121, 8, 3, 78, 0, '0'),
(1903, 121, 8, 3, 79, 0, '0'),
(1904, 121, 8, 3, 80, 0, '0'),
(1905, 121, 8, 3, -1, 0, '0'),
(1906, 121, 8, 4, 77, 0, '0'),
(1907, 121, 8, 4, 78, 0, '0'),
(1908, 121, 8, 4, 79, 0, '0'),
(1909, 121, 8, 4, 80, 0, '0'),
(1910, 121, 8, 4, -1, 0, '0'),
(1911, 121, 9, 3, 77, 0, '0'),
(1912, 121, 9, 3, 78, 0, '0'),
(1913, 121, 9, 3, 79, 0, '0'),
(1914, 121, 9, 3, 80, 0, '0'),
(1915, 121, 9, 3, -1, 0, '0'),
(1916, 121, 9, 4, 77, 0, '0'),
(1917, 121, 9, 4, 78, 0, '0'),
(1918, 121, 9, 4, 79, 0, '0'),
(1919, 121, 9, 4, 80, 0, '0'),
(1920, 121, 9, 4, -1, 0, '0'),
(1921, 121, 10, 3, 77, 0, '0'),
(1922, 121, 10, 3, 78, 0, '0'),
(1923, 121, 10, 3, 79, 0, '0'),
(1924, 121, 10, 3, 80, 0, '0'),
(1925, 121, 10, 3, -1, 0, '0'),
(1926, 121, 10, 4, 77, 0, '0'),
(1927, 121, 10, 4, 78, 0, '0'),
(1928, 121, 10, 4, 79, 0, '0'),
(1929, 121, 10, 4, 80, 0, '0'),
(1930, 121, 10, 4, -1, 0, '0'),
(1931, 122, 6, 3, 61, 0, '0'),
(1932, 122, 6, 3, 62, 0, '0'),
(1933, 122, 6, 3, 63, 0, '0'),
(1934, 122, 6, 3, 64, 0, '0'),
(1935, 122, 6, 3, -1, 0, '0'),
(1936, 122, 6, 4, 61, 0, '0'),
(1937, 122, 6, 4, 62, 0, '0'),
(1938, 122, 6, 4, 63, 0, '0'),
(1939, 122, 6, 4, 64, 0, '0'),
(1940, 122, 6, 4, -1, 0, '0'),
(1941, 122, 7, 3, 61, 0, '0'),
(1942, 122, 7, 3, 62, 0, '0'),
(1943, 122, 7, 3, 63, 0, '0'),
(1944, 122, 7, 3, 64, 0, '0'),
(1945, 122, 7, 3, -1, 0, '0'),
(1946, 122, 7, 4, 61, 0, '0'),
(1947, 122, 7, 4, 62, 0, '0'),
(1948, 122, 7, 4, 63, 0, '0'),
(1949, 122, 7, 4, 64, 0, '0'),
(1950, 122, 7, 4, -1, 0, '0'),
(1951, 122, 8, 3, 61, 0, '0'),
(1952, 122, 8, 3, 62, 0, '0'),
(1953, 122, 8, 3, 63, 0, '0'),
(1954, 122, 8, 3, 64, 0, '0'),
(1955, 122, 8, 3, -1, 0, '0'),
(1956, 122, 8, 4, 61, 0, '0'),
(1957, 122, 8, 4, 62, 0, '0'),
(1958, 122, 8, 4, 63, 0, '0'),
(1959, 122, 8, 4, 64, 0, '0'),
(1960, 122, 8, 4, -1, 0, '0'),
(1961, 122, 9, 3, 61, 0, '0'),
(1962, 122, 9, 3, 62, 0, '0'),
(1963, 122, 9, 3, 63, 0, '0'),
(1964, 122, 9, 3, 64, 0, '0'),
(1965, 122, 9, 3, -1, 0, '0'),
(1966, 122, 9, 4, 61, 0, '0'),
(1967, 122, 9, 4, 62, 0, '0'),
(1968, 122, 9, 4, 63, 0, '0'),
(1969, 122, 9, 4, 64, 0, '0'),
(1970, 122, 9, 4, -1, 0, '0'),
(1971, 122, 10, 3, 61, 0, '0'),
(1972, 122, 10, 3, 62, 0, '0'),
(1973, 122, 10, 3, 63, 0, '0'),
(1974, 122, 10, 3, 64, 0, '0'),
(1975, 122, 10, 3, -1, 0, '0'),
(1976, 122, 10, 4, 61, 0, '0'),
(1977, 122, 10, 4, 62, 0, '0'),
(1978, 122, 10, 4, 63, 0, '0'),
(1979, 122, 10, 4, 64, 0, '0'),
(1980, 122, 10, 4, -1, 0, '0'),
(1981, 123, 6, 3, 65, 0, '0'),
(1982, 123, 6, 3, 66, 0, '0'),
(1983, 123, 6, 3, 67, 0, '0'),
(1984, 123, 6, 3, 68, 0, '0'),
(1985, 123, 6, 3, -1, 0, '0'),
(1986, 123, 6, 4, 65, 0, '0'),
(1987, 123, 6, 4, 66, 0, '0'),
(1988, 123, 6, 4, 67, 0, '0'),
(1989, 123, 6, 4, 68, 0, '0'),
(1990, 123, 6, 4, -1, 0, '0'),
(1991, 123, 7, 3, 65, 0, '0'),
(1992, 123, 7, 3, 66, 0, '0'),
(1993, 123, 7, 3, 67, 0, '0'),
(1994, 123, 7, 3, 68, 0, '0'),
(1995, 123, 7, 3, -1, 0, '0'),
(1996, 123, 7, 4, 65, 0, '0'),
(1997, 123, 7, 4, 66, 0, '0'),
(1998, 123, 7, 4, 67, 0, '0'),
(1999, 123, 7, 4, 68, 0, '0'),
(2000, 123, 7, 4, -1, 0, '0'),
(2001, 123, 8, 3, 65, 0, '0'),
(2002, 123, 8, 3, 66, 0, '0'),
(2003, 123, 8, 3, 67, 0, '0'),
(2004, 123, 8, 3, 68, 0, '0'),
(2005, 123, 8, 3, -1, 0, '0'),
(2006, 123, 8, 4, 65, 0, '0'),
(2007, 123, 8, 4, 66, 0, '0'),
(2008, 123, 8, 4, 67, 0, '0'),
(2009, 123, 8, 4, 68, 0, '0'),
(2010, 123, 8, 4, -1, 0, '0'),
(2011, 123, 9, 3, 65, 0, '0'),
(2012, 123, 9, 3, 66, 0, '0'),
(2013, 123, 9, 3, 67, 0, '0'),
(2014, 123, 9, 3, 68, 0, '0'),
(2015, 123, 9, 3, -1, 0, '0'),
(2016, 123, 9, 4, 65, 0, '0'),
(2017, 123, 9, 4, 66, 0, '0'),
(2018, 123, 9, 4, 67, 0, '0'),
(2019, 123, 9, 4, 68, 0, '0'),
(2020, 123, 9, 4, -1, 0, '0'),
(2021, 123, 10, 3, 65, 0, '0'),
(2022, 123, 10, 3, 66, 0, '0'),
(2023, 123, 10, 3, 67, 0, '0'),
(2024, 123, 10, 3, 68, 0, '0'),
(2025, 123, 10, 3, -1, 0, '0'),
(2026, 123, 10, 4, 65, 0, '0'),
(2027, 123, 10, 4, 66, 0, '0'),
(2028, 123, 10, 4, 67, 0, '0'),
(2029, 123, 10, 4, 68, 0, '0'),
(2030, 123, 10, 4, -1, 0, '0'),
(2031, 124, 6, 3, 65, 0, '0'),
(2032, 124, 6, 3, 66, 0, '0'),
(2033, 124, 6, 3, 67, 0, '0'),
(2034, 124, 6, 3, 68, 0, '0'),
(2035, 124, 6, 3, -1, 0, '0'),
(2036, 124, 6, 4, 65, 0, '0'),
(2037, 124, 6, 4, 66, 0, '0'),
(2038, 124, 6, 4, 67, 0, '0'),
(2039, 124, 6, 4, 68, 0, '0'),
(2040, 124, 6, 4, -1, 0, '0'),
(2041, 124, 7, 3, 65, 0, '0'),
(2042, 124, 7, 3, 66, 0, '0'),
(2043, 124, 7, 3, 67, 0, '0'),
(2044, 124, 7, 3, 68, 0, '0'),
(2045, 124, 7, 3, -1, 0, '0'),
(2046, 124, 7, 4, 65, 0, '0'),
(2047, 124, 7, 4, 66, 0, '0'),
(2048, 124, 7, 4, 67, 0, '0'),
(2049, 124, 7, 4, 68, 0, '0'),
(2050, 124, 7, 4, -1, 0, '0'),
(2051, 124, 8, 3, 65, 0, '0'),
(2052, 124, 8, 3, 66, 0, '0'),
(2053, 124, 8, 3, 67, 0, '0'),
(2054, 124, 8, 3, 68, 0, '0'),
(2055, 124, 8, 3, -1, 0, '0'),
(2056, 124, 8, 4, 65, 0, '0'),
(2057, 124, 8, 4, 66, 0, '0'),
(2058, 124, 8, 4, 67, 0, '0'),
(2059, 124, 8, 4, 68, 0, '0'),
(2060, 124, 8, 4, -1, 0, '0'),
(2061, 124, 9, 3, 65, 0, '0'),
(2062, 124, 9, 3, 66, 0, '0'),
(2063, 124, 9, 3, 67, 0, '0'),
(2064, 124, 9, 3, 68, 0, '0'),
(2065, 124, 9, 3, -1, 0, '0'),
(2066, 124, 9, 4, 65, 0, '0'),
(2067, 124, 9, 4, 66, 0, '0'),
(2068, 124, 9, 4, 67, 0, '0'),
(2069, 124, 9, 4, 68, 0, '0'),
(2070, 124, 9, 4, -1, 0, '0'),
(2071, 124, 10, 3, 65, 0, '0'),
(2072, 124, 10, 3, 66, 0, '0'),
(2073, 124, 10, 3, 67, 0, '0'),
(2074, 124, 10, 3, 68, 0, '0'),
(2075, 124, 10, 3, -1, 0, '0'),
(2076, 124, 10, 4, 65, 0, '0'),
(2077, 124, 10, 4, 66, 0, '0'),
(2078, 124, 10, 4, 67, 0, '0'),
(2079, 124, 10, 4, 68, 0, '0'),
(2080, 124, 10, 4, -1, 0, '0'),
(2081, 125, 6, 3, 77, 0, '0'),
(2082, 125, 6, 3, 78, 0, '0'),
(2083, 125, 6, 3, 79, 0, '0'),
(2084, 125, 6, 3, 80, 0, '0'),
(2085, 125, 6, 3, -1, 0, '0'),
(2086, 125, 6, 4, 77, 0, '0'),
(2087, 125, 6, 4, 78, 0, '0'),
(2088, 125, 6, 4, 79, 0, '0'),
(2089, 125, 6, 4, 80, 0, '0'),
(2090, 125, 6, 4, -1, 0, '0'),
(2091, 125, 7, 3, 77, 0, '0'),
(2092, 125, 7, 3, 78, 0, '0'),
(2093, 125, 7, 3, 79, 0, '0'),
(2094, 125, 7, 3, 80, 0, '0'),
(2095, 125, 7, 3, -1, 0, '0'),
(2096, 125, 7, 4, 77, 0, '0'),
(2097, 125, 7, 4, 78, 0, '0'),
(2098, 125, 7, 4, 79, 0, '0'),
(2099, 125, 7, 4, 80, 0, '0'),
(2100, 125, 7, 4, -1, 0, '0'),
(2101, 125, 8, 3, 77, 0, '0'),
(2102, 125, 8, 3, 78, 0, '0'),
(2103, 125, 8, 3, 79, 0, '0'),
(2104, 125, 8, 3, 80, 0, '0'),
(2105, 125, 8, 3, -1, 0, '0'),
(2106, 125, 8, 4, 77, 0, '0'),
(2107, 125, 8, 4, 78, 0, '0'),
(2108, 125, 8, 4, 79, 0, '0'),
(2109, 125, 8, 4, 80, 0, '0'),
(2110, 125, 8, 4, -1, 0, '0'),
(2111, 125, 9, 3, 77, 0, '0'),
(2112, 125, 9, 3, 78, 0, '0'),
(2113, 125, 9, 3, 79, 0, '0'),
(2114, 125, 9, 3, 80, 0, '0'),
(2115, 125, 9, 3, -1, 0, '0'),
(2116, 125, 9, 4, 77, 0, '0'),
(2117, 125, 9, 4, 78, 0, '0'),
(2118, 125, 9, 4, 79, 0, '0'),
(2119, 125, 9, 4, 80, 0, '0'),
(2120, 125, 9, 4, -1, 0, '0'),
(2121, 125, 10, 3, 77, 0, '0'),
(2122, 125, 10, 3, 78, 0, '0'),
(2123, 125, 10, 3, 79, 0, '0'),
(2124, 125, 10, 3, 80, 0, '0'),
(2125, 125, 10, 3, -1, 0, '0'),
(2126, 125, 10, 4, 77, 0, '0'),
(2127, 125, 10, 4, 78, 0, '0'),
(2128, 125, 10, 4, 79, 0, '0'),
(2129, 125, 10, 4, 80, 0, '0'),
(2130, 125, 10, 4, -1, 0, '0'),
(2131, 126, 6, 3, -1, 0, '0'),
(2132, 126, 6, 4, -1, 0, '0'),
(2133, 126, 7, 3, -1, 0, '0'),
(2134, 126, 7, 4, -1, 0, '0'),
(2135, 126, 8, 3, -1, 0, '0'),
(2136, 126, 8, 4, -1, 0, '0'),
(2137, 126, 9, 3, -1, 0, '0'),
(2138, 126, 9, 4, -1, 0, '0'),
(2139, 126, 10, 3, -1, 0, '0'),
(2140, 126, 10, 4, -1, 0, '0'),
(2141, 127, 6, 3, 85, 0, '0'),
(2142, 127, 6, 3, 86, 0, '0'),
(2143, 127, 6, 3, 87, 0, '0'),
(2144, 127, 6, 3, 88, 0, '0'),
(2145, 127, 6, 3, -1, 0, '0'),
(2146, 127, 6, 4, 85, 0, '0'),
(2147, 127, 6, 4, 86, 0, '0'),
(2148, 127, 6, 4, 87, 0, '0'),
(2149, 127, 6, 4, 88, 0, '0'),
(2150, 127, 6, 4, -1, 0, '0'),
(2151, 127, 7, 3, 85, 0, '0'),
(2152, 127, 7, 3, 86, 0, '0'),
(2153, 127, 7, 3, 87, 0, '0'),
(2154, 127, 7, 3, 88, 0, '0'),
(2155, 127, 7, 3, -1, 0, '0'),
(2156, 127, 7, 4, 85, 0, '0'),
(2157, 127, 7, 4, 86, 0, '0'),
(2158, 127, 7, 4, 87, 0, '0'),
(2159, 127, 7, 4, 88, 0, '0'),
(2160, 127, 7, 4, -1, 0, '0'),
(2161, 127, 8, 3, 85, 0, '0'),
(2162, 127, 8, 3, 86, 0, '0'),
(2163, 127, 8, 3, 87, 0, '0'),
(2164, 127, 8, 3, 88, 0, '0'),
(2165, 127, 8, 3, -1, 0, '0'),
(2166, 127, 8, 4, 85, 0, '0'),
(2167, 127, 8, 4, 86, 0, '0'),
(2168, 127, 8, 4, 87, 0, '0'),
(2169, 127, 8, 4, 88, 0, '0'),
(2170, 127, 8, 4, -1, 0, '0'),
(2171, 127, 9, 3, 85, 0, '0'),
(2172, 127, 9, 3, 86, 0, '0'),
(2173, 127, 9, 3, 87, 0, '0'),
(2174, 127, 9, 3, 88, 0, '0'),
(2175, 127, 9, 3, -1, 0, '0'),
(2176, 127, 9, 4, 85, 0, '0'),
(2177, 127, 9, 4, 86, 0, '0'),
(2178, 127, 9, 4, 87, 0, '0'),
(2179, 127, 9, 4, 88, 0, '0'),
(2180, 127, 9, 4, -1, 0, '0'),
(2181, 127, 10, 3, 85, 0, '0'),
(2182, 127, 10, 3, 86, 0, '0'),
(2183, 127, 10, 3, 87, 0, '0'),
(2184, 127, 10, 3, 88, 0, '0'),
(2185, 127, 10, 3, -1, 0, '0'),
(2186, 127, 10, 4, 85, 0, '0'),
(2187, 127, 10, 4, 86, 0, '0'),
(2188, 127, 10, 4, 87, 0, '0'),
(2189, 127, 10, 4, 88, 0, '0'),
(2190, 127, 10, 4, -1, 0, '0'),
(2191, 128, 6, 3, 61, 0, '0'),
(2192, 128, 6, 3, 62, 0, '0'),
(2193, 128, 6, 3, 63, 0, '0'),
(2194, 128, 6, 3, 64, 0, '0'),
(2195, 128, 6, 3, -1, 0, '0'),
(2196, 128, 6, 4, 61, 0, '0'),
(2197, 128, 6, 4, 62, 0, '0'),
(2198, 128, 6, 4, 63, 0, '0'),
(2199, 128, 6, 4, 64, 0, '0'),
(2200, 128, 6, 4, -1, 0, '0'),
(2201, 128, 7, 3, 61, 0, '0'),
(2202, 128, 7, 3, 62, 0, '0'),
(2203, 128, 7, 3, 63, 0, '0'),
(2204, 128, 7, 3, 64, 0, '0'),
(2205, 128, 7, 3, -1, 0, '0'),
(2206, 128, 7, 4, 61, 0, '0'),
(2207, 128, 7, 4, 62, 0, '0'),
(2208, 128, 7, 4, 63, 0, '0'),
(2209, 128, 7, 4, 64, 0, '0'),
(2210, 128, 7, 4, -1, 0, '0'),
(2211, 128, 8, 3, 61, 0, '0'),
(2212, 128, 8, 3, 62, 0, '0'),
(2213, 128, 8, 3, 63, 0, '0'),
(2214, 128, 8, 3, 64, 0, '0'),
(2215, 128, 8, 3, -1, 0, '0'),
(2216, 128, 8, 4, 61, 0, '0'),
(2217, 128, 8, 4, 62, 0, '0'),
(2218, 128, 8, 4, 63, 0, '0'),
(2219, 128, 8, 4, 64, 0, '0'),
(2220, 128, 8, 4, -1, 0, '0'),
(2221, 128, 9, 3, 61, 0, '0'),
(2222, 128, 9, 3, 62, 0, '0'),
(2223, 128, 9, 3, 63, 0, '0'),
(2224, 128, 9, 3, 64, 0, '0'),
(2225, 128, 9, 3, -1, 0, '0'),
(2226, 128, 9, 4, 61, 0, '0'),
(2227, 128, 9, 4, 62, 0, '0'),
(2228, 128, 9, 4, 63, 0, '0'),
(2229, 128, 9, 4, 64, 0, '0'),
(2230, 128, 9, 4, -1, 0, '0'),
(2231, 128, 10, 3, 61, 0, '0'),
(2232, 128, 10, 3, 62, 0, '0'),
(2233, 128, 10, 3, 63, 0, '0'),
(2234, 128, 10, 3, 64, 0, '0'),
(2235, 128, 10, 3, -1, 0, '0'),
(2236, 128, 10, 4, 61, 0, '0'),
(2237, 128, 10, 4, 62, 0, '0'),
(2238, 128, 10, 4, 63, 0, '0'),
(2239, 128, 10, 4, 64, 0, '0'),
(2240, 128, 10, 4, -1, 0, '0'),
(2241, 129, 6, 3, -1, 0, '0'),
(2242, 129, 6, 4, -1, 0, '0'),
(2243, 129, 7, 3, -1, 0, '0'),
(2244, 129, 7, 4, -1, 0, '0'),
(2245, 129, 8, 3, -1, 0, '0'),
(2246, 129, 8, 4, -1, 0, '0'),
(2247, 129, 9, 3, -1, 0, '0'),
(2248, 129, 9, 4, -1, 0, '0'),
(2249, 129, 10, 3, -1, 0, '0'),
(2250, 129, 10, 4, -1, 0, '0'),
(2251, 130, 6, 3, 73, 0, '0'),
(2252, 130, 6, 3, 74, 0, '0'),
(2253, 130, 6, 3, 75, 0, '0'),
(2254, 130, 6, 3, 76, 0, '0'),
(2255, 130, 6, 3, -1, 0, '0'),
(2256, 130, 6, 4, 73, 0, '0'),
(2257, 130, 6, 4, 74, 0, '0'),
(2258, 130, 6, 4, 75, 0, '0'),
(2259, 130, 6, 4, 76, 0, '0'),
(2260, 130, 6, 4, -1, 0, '0'),
(2261, 130, 7, 3, 73, 0, '0'),
(2262, 130, 7, 3, 74, 0, '0'),
(2263, 130, 7, 3, 75, 0, '0'),
(2264, 130, 7, 3, 76, 0, '0'),
(2265, 130, 7, 3, -1, 0, '0'),
(2266, 130, 7, 4, 73, 0, '0'),
(2267, 130, 7, 4, 74, 0, '0'),
(2268, 130, 7, 4, 75, 0, '0'),
(2269, 130, 7, 4, 76, 0, '0'),
(2270, 130, 7, 4, -1, 0, '0'),
(2271, 130, 8, 3, 73, 0, '0'),
(2272, 130, 8, 3, 74, 0, '0'),
(2273, 130, 8, 3, 75, 0, '0'),
(2274, 130, 8, 3, 76, 0, '0'),
(2275, 130, 8, 3, -1, 0, '0'),
(2276, 130, 8, 4, 73, 0, '0'),
(2277, 130, 8, 4, 74, 0, '0'),
(2278, 130, 8, 4, 75, 0, '0'),
(2279, 130, 8, 4, 76, 0, '0'),
(2280, 130, 8, 4, -1, 0, '0'),
(2281, 130, 9, 3, 73, 0, '0'),
(2282, 130, 9, 3, 74, 0, '0'),
(2283, 130, 9, 3, 75, 0, '0'),
(2284, 130, 9, 3, 76, 0, '0'),
(2285, 130, 9, 3, -1, 0, '0'),
(2286, 130, 9, 4, 73, 0, '0'),
(2287, 130, 9, 4, 74, 0, '0'),
(2288, 130, 9, 4, 75, 0, '0'),
(2289, 130, 9, 4, 76, 0, '0'),
(2290, 130, 9, 4, -1, 0, '0'),
(2291, 130, 10, 3, 73, 0, '0'),
(2292, 130, 10, 3, 74, 0, '0'),
(2293, 130, 10, 3, 75, 0, '0'),
(2294, 130, 10, 3, 76, 0, '0'),
(2295, 130, 10, 3, -1, 0, '0'),
(2296, 130, 10, 4, 73, 0, '0'),
(2297, 130, 10, 4, 74, 0, '0'),
(2298, 130, 10, 4, 75, 0, '0'),
(2299, 130, 10, 4, 76, 0, '0'),
(2300, 130, 10, 4, -1, 0, '0'),
(2301, 131, 6, 3, -1, 0, '0'),
(2302, 131, 6, 4, -1, 0, '0'),
(2303, 131, 7, 3, -1, 0, '0'),
(2304, 131, 7, 4, -1, 0, '0'),
(2305, 131, 8, 3, -1, 0, '0'),
(2306, 131, 8, 4, -1, 0, '0'),
(2307, 131, 9, 3, -1, 0, '0'),
(2308, 131, 9, 4, -1, 0, '0'),
(2309, 131, 10, 3, -1, 0, '0'),
(2310, 131, 10, 4, -1, 0, '0'),
(2311, 132, 6, 3, 73, 0, '0'),
(2312, 132, 6, 3, 74, 0, '0'),
(2313, 132, 6, 3, 75, 0, '0'),
(2314, 132, 6, 3, 76, 0, '0'),
(2315, 132, 6, 3, -1, 0, '0'),
(2316, 132, 6, 4, 73, 0, '0'),
(2317, 132, 6, 4, 74, 0, '0'),
(2318, 132, 6, 4, 75, 0, '0'),
(2319, 132, 6, 4, 76, 0, '0'),
(2320, 132, 6, 4, -1, 0, '0'),
(2321, 132, 7, 3, 73, 0, '0'),
(2322, 132, 7, 3, 74, 0, '0'),
(2323, 132, 7, 3, 75, 0, '0'),
(2324, 132, 7, 3, 76, 0, '0'),
(2325, 132, 7, 3, -1, 0, '0'),
(2326, 132, 7, 4, 73, 0, '0'),
(2327, 132, 7, 4, 74, 0, '0'),
(2328, 132, 7, 4, 75, 0, '0'),
(2329, 132, 7, 4, 76, 0, '0'),
(2330, 132, 7, 4, -1, 0, '0'),
(2331, 132, 8, 3, 73, 0, '0'),
(2332, 132, 8, 3, 74, 0, '0'),
(2333, 132, 8, 3, 75, 0, '0'),
(2334, 132, 8, 3, 76, 0, '0'),
(2335, 132, 8, 3, -1, 0, '0'),
(2336, 132, 8, 4, 73, 0, '0'),
(2337, 132, 8, 4, 74, 0, '0'),
(2338, 132, 8, 4, 75, 0, '0'),
(2339, 132, 8, 4, 76, 0, '0'),
(2340, 132, 8, 4, -1, 0, '0'),
(2341, 132, 9, 3, 73, 0, '0'),
(2342, 132, 9, 3, 74, 0, '0'),
(2343, 132, 9, 3, 75, 0, '0'),
(2344, 132, 9, 3, 76, 0, '0'),
(2345, 132, 9, 3, -1, 0, '0'),
(2346, 132, 9, 4, 73, 0, '0'),
(2347, 132, 9, 4, 74, 0, '0'),
(2348, 132, 9, 4, 75, 0, '0'),
(2349, 132, 9, 4, 76, 0, '0'),
(2350, 132, 9, 4, -1, 0, '0'),
(2351, 132, 10, 3, 73, 0, '0'),
(2352, 132, 10, 3, 74, 0, '0'),
(2353, 132, 10, 3, 75, 0, '0'),
(2354, 132, 10, 3, 76, 0, '0'),
(2355, 132, 10, 3, -1, 0, '0'),
(2356, 132, 10, 4, 73, 0, '0'),
(2357, 132, 10, 4, 74, 0, '0'),
(2358, 132, 10, 4, 75, 0, '0'),
(2359, 132, 10, 4, 76, 0, '0'),
(2360, 132, 10, 4, -1, 0, '0'),
(2361, 133, 6, 3, 73, 0, '0'),
(2362, 133, 6, 3, 74, 0, '0'),
(2363, 133, 6, 3, 75, 0, '0'),
(2364, 133, 6, 3, 76, 0, '0'),
(2365, 133, 6, 3, -1, 0, '0'),
(2366, 133, 6, 4, 73, 0, '0'),
(2367, 133, 6, 4, 74, 0, '0'),
(2368, 133, 6, 4, 75, 0, '0'),
(2369, 133, 6, 4, 76, 0, '0'),
(2370, 133, 6, 4, -1, 0, '0'),
(2371, 133, 7, 3, 73, 0, '0'),
(2372, 133, 7, 3, 74, 0, '0'),
(2373, 133, 7, 3, 75, 0, '0'),
(2374, 133, 7, 3, 76, 0, '0'),
(2375, 133, 7, 3, -1, 0, '0'),
(2376, 133, 7, 4, 73, 0, '0'),
(2377, 133, 7, 4, 74, 0, '0'),
(2378, 133, 7, 4, 75, 0, '0'),
(2379, 133, 7, 4, 76, 0, '0'),
(2380, 133, 7, 4, -1, 0, '0'),
(2381, 133, 8, 3, 73, 0, '0'),
(2382, 133, 8, 3, 74, 0, '0'),
(2383, 133, 8, 3, 75, 0, '0'),
(2384, 133, 8, 3, 76, 0, '0'),
(2385, 133, 8, 3, -1, 0, '0'),
(2386, 133, 8, 4, 73, 0, '0'),
(2387, 133, 8, 4, 74, 0, '0'),
(2388, 133, 8, 4, 75, 0, '0'),
(2389, 133, 8, 4, 76, 0, '0'),
(2390, 133, 8, 4, -1, 0, '0'),
(2391, 133, 9, 3, 73, 0, '0'),
(2392, 133, 9, 3, 74, 0, '0'),
(2393, 133, 9, 3, 75, 0, '0'),
(2394, 133, 9, 3, 76, 0, '0'),
(2395, 133, 9, 3, -1, 0, '0'),
(2396, 133, 9, 4, 73, 0, '0'),
(2397, 133, 9, 4, 74, 0, '0'),
(2398, 133, 9, 4, 75, 0, '0'),
(2399, 133, 9, 4, 76, 0, '0'),
(2400, 133, 9, 4, -1, 0, '0'),
(2401, 133, 10, 3, 73, 0, '0'),
(2402, 133, 10, 3, 74, 0, '0'),
(2403, 133, 10, 3, 75, 0, '0'),
(2404, 133, 10, 3, 76, 0, '0'),
(2405, 133, 10, 3, -1, 0, '0'),
(2406, 133, 10, 4, 73, 0, '0'),
(2407, 133, 10, 4, 74, 0, '0'),
(2408, 133, 10, 4, 75, 0, '0'),
(2409, 133, 10, 4, 76, 0, '0'),
(2410, 133, 10, 4, -1, 0, '0'),
(2411, 134, 6, 3, 73, 0, '0'),
(2412, 134, 6, 3, 74, 0, '0'),
(2413, 134, 6, 3, 75, 0, '0'),
(2414, 134, 6, 3, 76, 0, '0'),
(2415, 134, 6, 3, -1, 0, '0'),
(2416, 134, 6, 4, 73, 0, '0'),
(2417, 134, 6, 4, 74, 0, '0'),
(2418, 134, 6, 4, 75, 0, '0'),
(2419, 134, 6, 4, 76, 0, '0'),
(2420, 134, 6, 4, -1, 0, '0'),
(2421, 134, 7, 3, 73, 0, '0'),
(2422, 134, 7, 3, 74, 0, '0'),
(2423, 134, 7, 3, 75, 0, '0'),
(2424, 134, 7, 3, 76, 0, '0'),
(2425, 134, 7, 3, -1, 0, '0'),
(2426, 134, 7, 4, 73, 0, '0'),
(2427, 134, 7, 4, 74, 0, '0'),
(2428, 134, 7, 4, 75, 0, '0'),
(2429, 134, 7, 4, 76, 0, '0'),
(2430, 134, 7, 4, -1, 0, '0'),
(2431, 134, 8, 3, 73, 0, '0'),
(2432, 134, 8, 3, 74, 0, '0'),
(2433, 134, 8, 3, 75, 0, '0'),
(2434, 134, 8, 3, 76, 0, '0'),
(2435, 134, 8, 3, -1, 0, '0'),
(2436, 134, 8, 4, 73, 0, '0'),
(2437, 134, 8, 4, 74, 0, '0'),
(2438, 134, 8, 4, 75, 0, '0'),
(2439, 134, 8, 4, 76, 0, '0'),
(2440, 134, 8, 4, -1, 0, '0'),
(2441, 134, 9, 3, 73, 0, '0'),
(2442, 134, 9, 3, 74, 0, '0'),
(2443, 134, 9, 3, 75, 0, '0'),
(2444, 134, 9, 3, 76, 0, '0'),
(2445, 134, 9, 3, -1, 0, '0'),
(2446, 134, 9, 4, 73, 0, '0'),
(2447, 134, 9, 4, 74, 0, '0'),
(2448, 134, 9, 4, 75, 0, '0'),
(2449, 134, 9, 4, 76, 0, '0'),
(2450, 134, 9, 4, -1, 0, '0'),
(2451, 134, 10, 3, 73, 0, '0'),
(2452, 134, 10, 3, 74, 0, '0'),
(2453, 134, 10, 3, 75, 0, '0'),
(2454, 134, 10, 3, 76, 0, '0'),
(2455, 134, 10, 3, -1, 0, '0'),
(2456, 134, 10, 4, 73, 0, '0'),
(2457, 134, 10, 4, 74, 0, '0'),
(2458, 134, 10, 4, 75, 0, '0'),
(2459, 134, 10, 4, 76, 0, '0'),
(2460, 134, 10, 4, -1, 0, '0'),
(2461, 135, 6, 3, 73, 0, '0'),
(2462, 135, 6, 3, 74, 0, '0'),
(2463, 135, 6, 3, 75, 0, '0'),
(2464, 135, 6, 3, 76, 0, '0'),
(2465, 135, 6, 3, -1, 0, '0'),
(2466, 135, 6, 4, 73, 0, '0'),
(2467, 135, 6, 4, 74, 0, '0'),
(2468, 135, 6, 4, 75, 0, '0'),
(2469, 135, 6, 4, 76, 0, '0'),
(2470, 135, 6, 4, -1, 0, '0'),
(2471, 135, 7, 3, 73, 0, '0'),
(2472, 135, 7, 3, 74, 0, '0'),
(2473, 135, 7, 3, 75, 0, '0'),
(2474, 135, 7, 3, 76, 0, '0'),
(2475, 135, 7, 3, -1, 0, '0'),
(2476, 135, 7, 4, 73, 0, '0'),
(2477, 135, 7, 4, 74, 0, '0'),
(2478, 135, 7, 4, 75, 0, '0'),
(2479, 135, 7, 4, 76, 0, '0'),
(2480, 135, 7, 4, -1, 0, '0'),
(2481, 135, 8, 3, 73, 0, '0'),
(2482, 135, 8, 3, 74, 0, '0'),
(2483, 135, 8, 3, 75, 0, '0'),
(2484, 135, 8, 3, 76, 0, '0'),
(2485, 135, 8, 3, -1, 0, '0'),
(2486, 135, 8, 4, 73, 0, '0'),
(2487, 135, 8, 4, 74, 0, '0'),
(2488, 135, 8, 4, 75, 0, '0'),
(2489, 135, 8, 4, 76, 0, '0'),
(2490, 135, 8, 4, -1, 0, '0'),
(2491, 135, 9, 3, 73, 0, '0'),
(2492, 135, 9, 3, 74, 0, '0'),
(2493, 135, 9, 3, 75, 0, '0'),
(2494, 135, 9, 3, 76, 0, '0'),
(2495, 135, 9, 3, -1, 0, '0'),
(2496, 135, 9, 4, 73, 0, '0'),
(2497, 135, 9, 4, 74, 0, '0'),
(2498, 135, 9, 4, 75, 0, '0'),
(2499, 135, 9, 4, 76, 0, '0'),
(2500, 135, 9, 4, -1, 0, '0'),
(2501, 135, 10, 3, 73, 0, '0'),
(2502, 135, 10, 3, 74, 0, '0'),
(2503, 135, 10, 3, 75, 0, '0'),
(2504, 135, 10, 3, 76, 0, '0'),
(2505, 135, 10, 3, -1, 0, '0'),
(2506, 135, 10, 4, 73, 0, '0'),
(2507, 135, 10, 4, 74, 0, '0'),
(2508, 135, 10, 4, 75, 0, '0'),
(2509, 135, 10, 4, 76, 0, '0'),
(2510, 135, 10, 4, -1, 0, '0'),
(2511, 136, 6, 3, 73, 0, '0'),
(2512, 136, 6, 3, 74, 0, '0'),
(2513, 136, 6, 3, 75, 0, '0'),
(2514, 136, 6, 3, 76, 0, '0'),
(2515, 136, 6, 3, -1, 0, '0'),
(2516, 136, 6, 4, 73, 0, '0'),
(2517, 136, 6, 4, 74, 0, '0'),
(2518, 136, 6, 4, 75, 0, '0'),
(2519, 136, 6, 4, 76, 0, '0'),
(2520, 136, 6, 4, -1, 0, '0'),
(2521, 136, 7, 3, 73, 0, '0'),
(2522, 136, 7, 3, 74, 0, '0'),
(2523, 136, 7, 3, 75, 0, '0'),
(2524, 136, 7, 3, 76, 0, '0'),
(2525, 136, 7, 3, -1, 0, '0'),
(2526, 136, 7, 4, 73, 0, '0'),
(2527, 136, 7, 4, 74, 0, '0'),
(2528, 136, 7, 4, 75, 0, '0'),
(2529, 136, 7, 4, 76, 0, '0'),
(2530, 136, 7, 4, -1, 0, '0'),
(2531, 136, 8, 3, 73, 0, '0'),
(2532, 136, 8, 3, 74, 0, '0'),
(2533, 136, 8, 3, 75, 0, '0'),
(2534, 136, 8, 3, 76, 0, '0'),
(2535, 136, 8, 3, -1, 0, '0'),
(2536, 136, 8, 4, 73, 0, '0'),
(2537, 136, 8, 4, 74, 0, '0'),
(2538, 136, 8, 4, 75, 0, '0'),
(2539, 136, 8, 4, 76, 0, '0'),
(2540, 136, 8, 4, -1, 0, '0'),
(2541, 136, 9, 3, 73, 0, '0'),
(2542, 136, 9, 3, 74, 0, '0'),
(2543, 136, 9, 3, 75, 0, '0'),
(2544, 136, 9, 3, 76, 0, '0'),
(2545, 136, 9, 3, -1, 0, '0'),
(2546, 136, 9, 4, 73, 0, '0'),
(2547, 136, 9, 4, 74, 0, '0'),
(2548, 136, 9, 4, 75, 0, '0'),
(2549, 136, 9, 4, 76, 0, '0'),
(2550, 136, 9, 4, -1, 0, '0'),
(2551, 136, 10, 3, 73, 0, '0'),
(2552, 136, 10, 3, 74, 0, '0'),
(2553, 136, 10, 3, 75, 0, '0'),
(2554, 136, 10, 3, 76, 0, '0'),
(2555, 136, 10, 3, -1, 0, '0'),
(2556, 136, 10, 4, 73, 0, '0'),
(2557, 136, 10, 4, 74, 0, '0'),
(2558, 136, 10, 4, 75, 0, '0'),
(2559, 136, 10, 4, 76, 0, '0'),
(2560, 136, 10, 4, -1, 0, '0');

-- --------------------------------------------------------

--
-- Estructura de tabla para la tabla `tipos`
--

CREATE TABLE `tipos` (
  `id` int(11) NOT NULL,
  `nombre` varchar(255) NOT NULL
) ENGINE=InnoDB DEFAULT CHARSET=utf8mb4 COLLATE=utf8mb4_general_ci;

--
-- Volcado de datos para la tabla `tipos`
--

INSERT INTO `tipos` (`id`, `nombre`) VALUES
(69, 'Silla giratoria'),
(70, 'Silla de espera'),
(71, 'Silla estática'),
(72, 'Silla mesedora'),
(73, 'Silla de peluquería'),
(74, 'Silla estática con brazo'),
(75, 'Catre de internación'),
(76, 'Camillas para masajes'),
(77, 'Gradilla de 2 peldaños'),
(78, 'Biombo'),
(79, 'Negtoscopio'),
(80, 'Camilla tipo escritorio'),
(81, 'Taburete médico'),
(82, 'Camilla con Barillas'),
(83, 'Lámpara de cuello ganzo'),
(84, 'Velador clínico'),
(85, 'Camilla de ginecología'),
(86, 'Pedestal porta sueros'),
(87, 'Camilla de examen'),
(88, 'Camilla de examen con espaldar movible'),
(89, 'Mesa de trabajo'),
(90, 'Mesa de curación'),
(91, 'Mesa de instrumentación'),
(92, 'Horno semi-industrial'),
(93, 'Cocina industrial de dos quemadores'),
(94, 'Horno domestico'),
(95, 'Broastera simple'),
(96, 'Horno hogareño'),
(97, 'Góndolas para supermercados'),
(98, 'Estanteria tipo vitrin'),
(99, 'Casillero de cuatro puertas'),
(100, 'Estante de puertas corredizas'),
(101, 'Casillero de dos puertas'),
(102, 'Casillero de 6 puertas'),
(103, 'Casillero de 12 puertas'),
(104, 'Casillero de 15 puertas'),
(105, 'Casillero de 2 puertas'),
(106, 'Casillero de 20 puertas'),
(107, 'Casillero de 9 puertas'),
(108, 'Casillero de 1 cuerpo y 4 puertas'),
(109, 'Casillero de 1 cuerpo y tres puertas'),
(110, 'Casillero de 1 cuerpo y 1 puerta'),
(111, 'Vitrina doble chapa'),
(112, 'Ropero casillero'),
(113, 'Alacena con pedestal'),
(114, 'Cajero para supermercado'),
(115, 'Mostrador para librería'),
(116, 'Estante mostrador'),
(117, 'Credenza'),
(118, 'Estante Archivador'),
(119, 'Estante para farmacia de dos cuerpos'),
(120, 'Estante para farmacia'),
(121, 'Vitrina para farmacia'),
(122, 'Estante para farmacia'),
(123, 'Escritorio secretarial de cuatro cajas con chapa clave'),
(124, 'Escritorio ejecutivo de siete cajas'),
(125, 'Vitrina de puertas corredizas'),
(126, 'Gabinete de dos cuerpos'),
(127, 'Armario de dos cuerpos'),
(128, 'Estante para archivos con bandejas'),
(129, 'Archivero'),
(130, 'Gabetero con chapa independiente'),
(131, 'Archivador de Chapas Individuales'),
(132, 'Gabetero de 4 cajas'),
(133, 'Gabetero de 3 cajas'),
(134, 'Gabetero de 2 cajas con chapa adicional'),
(135, 'Gabetero de 2 cajas sin chapa'),
(136, 'Gabetero de 5 cajas');

--
-- Disparadores `tipos`
--
DELIMITER $$
CREATE TRIGGER `after_tipo_insert` AFTER INSERT ON `tipos` FOR EACH ROW BEGIN
    CALL generate_combinations();
END
$$
DELIMITER ;

-- --------------------------------------------------------

--
-- Estructura de tabla para la tabla `usuario`
--

CREATE TABLE `usuario` (
  `id` int(11) NOT NULL,
  `username` varchar(20) DEFAULT NULL,
  `password` varchar(20) DEFAULT NULL,
  `rol` varchar(20) DEFAULT NULL,
  `id_persona` int(11) DEFAULT NULL
) ENGINE=InnoDB DEFAULT CHARSET=utf8mb4 COLLATE=utf8mb4_general_ci;

--
-- Volcado de datos para la tabla `usuario`
--

INSERT INTO `usuario` (`id`, `username`, `password`, `rol`, `id_persona`) VALUES
(1, 'admin', '123456', 'administrador', 1),
(2, 'encargado', '123456', 'encargado', 2),
(3, 'empleado', '123456', 'empleado', 3);

-- --------------------------------------------------------

--
-- Estructura de tabla para la tabla `ventas`
--

CREATE TABLE `ventas` (
  `id` int(11) NOT NULL,
  `tipo` varchar(20) DEFAULT NULL,
  `color` varchar(20) DEFAULT NULL,
  `material` varchar(20) DEFAULT NULL,
  `agregado` varchar(20) DEFAULT NULL,
  `cantidad` int(11) DEFAULT NULL,
  `precioU` varchar(20) DEFAULT NULL,
  `precioT` varchar(20) DEFAULT NULL,
  `fecha` date DEFAULT NULL
) ENGINE=InnoDB DEFAULT CHARSET=utf8mb4 COLLATE=utf8mb4_general_ci;

--
-- Volcado de datos para la tabla `ventas`
--

INSERT INTO `ventas` (`id`, `tipo`, `color`, `material`, `agregado`, `cantidad`, `precioU`, `precioT`, `fecha`) VALUES
(1, 'Alacena con pedestal', 'Azul', 'Melamina', '', 2, '2.0', '4.0', '2024-07-28'),
(2, 'Silla giratoria', 'Rojo', 'Metal', 'Acolchonada', 2, '2.0', '4.0', '2024-07-30'),
(3, '{\'id\': 69, \'nombre\':', '{\'id\': 6, \'nombre\': ', '{\'id\': 3, \'nombre\': ', '45', 2, '2.0', '4.0', '2024-07-30'),
(4, '{\'id\': 69, \'nombre\':', '{\'id\': 6, \'nombre\': ', '{\'id\': 3, \'nombre\': ', '45', 2, '100.0', '200.0', '2024-07-30'),
(7, '69', '{\'id\': 6, \'nombre\': ', '{\'id\': 3, \'nombre\': ', '45', 2, '100.0', '200.0', '2024-07-30'),
(8, 'Silla', 'Rojo', 'Metal', '45', 3, '100.0', '300.0', '2024-07-06'),
(9, 'Silla giratoria', 'Rojo', 'Metal', '45', 2, '100.0', '200.0', '2024-07-30');

--
-- Índices para tablas volcadas
--

--
-- Indices de la tabla `agregados`
--
ALTER TABLE `agregados`
  ADD PRIMARY KEY (`id`);

--
-- Indices de la tabla `colores`
--
ALTER TABLE `colores`
  ADD PRIMARY KEY (`id`);

--
-- Indices de la tabla `materiales`
--
ALTER TABLE `materiales`
  ADD PRIMARY KEY (`id`);

--
-- Indices de la tabla `persona`
--
ALTER TABLE `persona`
  ADD PRIMARY KEY (`id`);

--
-- Indices de la tabla `producto_combinaciones`
--
ALTER TABLE `producto_combinaciones`
  ADD PRIMARY KEY (`id`),
  ADD KEY `tipo_id` (`tipo_id`),
  ADD KEY `color_id` (`color_id`),
  ADD KEY `material_id` (`material_id`);

--
-- Indices de la tabla `tipos`
--
ALTER TABLE `tipos`
  ADD PRIMARY KEY (`id`);

--
-- Indices de la tabla `usuario`
--
ALTER TABLE `usuario`
  ADD PRIMARY KEY (`id`),
  ADD KEY `R_4` (`id_persona`);

--
-- Indices de la tabla `ventas`
--
ALTER TABLE `ventas`
  ADD PRIMARY KEY (`id`);

--
-- AUTO_INCREMENT de las tablas volcadas
--

--
-- AUTO_INCREMENT de la tabla `agregados`
--
ALTER TABLE `agregados`
  MODIFY `id` int(11) NOT NULL AUTO_INCREMENT, AUTO_INCREMENT=89;

--
-- AUTO_INCREMENT de la tabla `colores`
--
ALTER TABLE `colores`
  MODIFY `id` int(11) NOT NULL AUTO_INCREMENT, AUTO_INCREMENT=11;

--
-- AUTO_INCREMENT de la tabla `materiales`
--
ALTER TABLE `materiales`
  MODIFY `id` int(11) NOT NULL AUTO_INCREMENT, AUTO_INCREMENT=5;

--
-- AUTO_INCREMENT de la tabla `producto_combinaciones`
--
ALTER TABLE `producto_combinaciones`
  MODIFY `id` int(11) NOT NULL AUTO_INCREMENT, AUTO_INCREMENT=2561;

--
-- AUTO_INCREMENT de la tabla `tipos`
--
ALTER TABLE `tipos`
  MODIFY `id` int(11) NOT NULL AUTO_INCREMENT, AUTO_INCREMENT=137;

--
-- AUTO_INCREMENT de la tabla `ventas`
--
ALTER TABLE `ventas`
  MODIFY `id` int(11) NOT NULL AUTO_INCREMENT, AUTO_INCREMENT=10;

--
-- Restricciones para tablas volcadas
--

--
-- Filtros para la tabla `producto_combinaciones`
--
ALTER TABLE `producto_combinaciones`
  ADD CONSTRAINT `producto_combinaciones_ibfk_1` FOREIGN KEY (`tipo_id`) REFERENCES `tipos` (`id`),
  ADD CONSTRAINT `producto_combinaciones_ibfk_2` FOREIGN KEY (`color_id`) REFERENCES `colores` (`id`),
  ADD CONSTRAINT `producto_combinaciones_ibfk_3` FOREIGN KEY (`material_id`) REFERENCES `materiales` (`id`);

--
-- Filtros para la tabla `usuario`
--
ALTER TABLE `usuario`
  ADD CONSTRAINT `R_4` FOREIGN KEY (`id_persona`) REFERENCES `persona` (`id`);
COMMIT;

/*!40101 SET CHARACTER_SET_CLIENT=@OLD_CHARACTER_SET_CLIENT */;
/*!40101 SET CHARACTER_SET_RESULTS=@OLD_CHARACTER_SET_RESULTS */;
/*!40101 SET COLLATION_CONNECTION=@OLD_COLLATION_CONNECTION */;
